Station,year,julianset,juliancheck1,juliancheck2
1,2013,2,9,16
2,2013,2,9,16
3,2013,2,9,16
4,2013,2,9,16
5,2013,2,9,16
6,2013,2,9,16
7,2013,2,9,16
8,2013,2,9,16
9,2013,2,9,16
10,2013,3,10,17
11,2013,3,10,17
12,2013,3,10,17
13,2013,3,10,17
14,2013,3,10,17
15,2013,3,10,17
16,2013,3,10,17
17,2013,4,11,18
18,2013,4,11,18
19,2013,2,9,16
25,2013,4,11,18
26,2013,4,11,18
27,2013,7,14,22
28,2013,7,14,22
29,2013,2,9,16
30,2013,2,9,16
32,2013,31,38,45
33,2013,31,38,45
34,2013,32,42,46
42,2013,7,14,22
44,2013,3,10,17
45,2013,3,10,17
46,2013,3,10,17
47,2013,3,10,17
48,2013,4,11,18
50,2013,4,11,18
51,2013,4,11,18
52,2013,4,11,18
54,2013,31,38,45
55,2013,31,38,45
56,2013,32,42,46
57,2013,32,42,46
58,2013,35,43,50
63,2013,8,15,22
64,2013,8,15,22
65,2013,7,14,21
67,2013,7,14,21
68,2013,8,15,22
69,2013,8,15,22
70,2013,8,15,22
72,2013,8,15,22
73,2013,32,39,46
75,2013,35,42,49
76,2013,36,43,50
77,2013,2,9,16
78,2013,4,11,18
79,2013,4,11,18
80,2013,4,11,18
81,2013,4,11,18
82,2013,31,38,45
83,2013,31,38,45
85,2013,32,42,46
90,2013,8,15,22
92,2013,8,15,22
93,2013,30,37,44
94,2013,30,37,44
95,2013,30,37,44
96,2013,30,37,44
97,2013,31,38,45
98,2013,31,38,45
99,2013,31,38,45
100,2013,32,39,46
102,2013,32,39,46
103,2013,35,42,49
104,2013,36,43,50
105,2013,30,37,44
106,2013,30,37,44
107,2013,30,37,44
108,2013,4,11,18
109,2013,31,38,45
110,2013,31,38,45
111,2013,31,38,45
112,2013,31,38,45
113,2013,31,38,45
117,2013,59,66,73
118,2013,59,66,73
119,2013,59,66,73
126,2013,30,37,44
127,2013,30,37,44
128,2013,31,38,45
129,2013,30,37,44
130,2013,30,37,44
132,2013,31,37,44
135,2013,58,65,72
136,2013,58,65,72
137,2013,59,66,73
138,2013,59,66,73
139,2013,60,67,74
140,2013,60,67,74
142,2013,36,43,50
143,2013,36,43,50
144,2013,63,70,77
145,2013,30,37,44
146,2013,30,37,44
147,2013,30,37,44
148,2013,58,65,72
149,2013,58,65,72
150,2013,31,38,45
151,2013,32,39,46
152,2013,59,66,73
154,2013,59,66,73
156,2013,60,67,74
169,2013,31,38,45
170,2013,32,39,46
171,2013,32,39,46
172,2013,32,39,46
173,2013,32,39,46
174,2013,32,39,46
175,2013,35,42,50
177,2013,35,42,50
178,2013,35,42,50
184,2013,58,65,72
185,2013,59,66,73
186,2013,59,66,73
188,2013,60,67,74
189,2013,60,67,74
191,2013,63,70,77
192,2013,63,70,77
193,2013,58,65,72
198,2013,32,39,46
199,2013,32,39,46
200,2013,59,66,73
201,2013,60,67,74
203,2013,60,67,74
204,2013,63,70,77
205,2013,63,70,77
215,2013,35,42,50
216,2013,36,43,50
217,2013,36,43,50
218,2013,36,43,50
219,2013,36,43,50
220,2013,36,43,50
221,2013,58,65,72
222,2013,58,65,72
223,2013,58,65,72
224,2013,59,66,73
225,2013,59,66,73
228,2013,60,67,74
229,2013,58,65,72
230,2013,59,66,73
231,2013,59,66,73
235,2013,32,39,46
238,2013,59,66,73
239,2013,60,67,74
240,2013,60,67,74
241,2013,60,67,74
242,2013,63,70,77
244,2013,63,70,77
245,2013,63,70,77
256,2013,59,66,73
257,2013,59,66,73
258,2013,59,66,73
259,2013,60,67,74
260,2013,60,67,74
261,2013,60,67,74
262,2013,60,67,74
264,2013,63,71,78
265,2013,63,71,78
266,2013,63,71,78
268,2013,59,66,73
269,2013,59,66,73
272,2013,32,39,46
276,2013,63,70,77
291,2013,63,70,77
292,2013,63,70,77
293,2013,63,70,77
302,2013,63,71,78
305,2013,59,66,73
306,2013,59,66,73
307,2013,32,39,46
308,2013,60,67,74
322,2013,63,70,77
323,2013,63,70,77
324,2013,63,70,77
325,2013,64,71,78
341,2013,60,67,74
354,2013,64,71,78
355,2013,64,71,78
366,2013,60,67,74
367,2013,60,67,74
382,2013,60,67,74
394,2013,60,67,74
408,2013,60,67,74
1408,2013,3,10,17
1411,2013,3,10,17
1412,2013,3,10,17
1413,2013,4,11,18
1414,2013,4,11,18
1415,2013,4,11,18
1416,2013,4,11,18
1417,2013,4,11,18
1418,2013,4,11,18
1419,2013,7,14,22
1420,2013,7,14,22
1421,2013,7,14,22
1422,2013,7,14,22
1423,2013,7,14,22
1427,2013,32,42,46
1428,2013,35,43,50
1429,2013,35,43,50
1430,2013,35,43,50
1431,2013,35,43,50
1432,2013,31,38,45
1438,2013,35,43,50
1441,2013,32,42,46
1442,2013,32,42,46
1444,2013,35,43,50
1445,2013,31,38,45
1446,2013,32,42,46
1450,2013,60,67,74
1453,2013,59,66,73
1455,2013,60,67,74
1465,2013,63,70,77
1701,2013,2,9,16
1702,2013,2,9,16
1703,2013,2,9,16
1705,2013,2,9,16
1706,2013,2,9,16
1707,2013,3,10,17
1708,2013,3,10,17
1709,2013,3,10,17
1710,2013,3,10,17
1711,2013,3,10,17
1712,2013,3,10,17
1713,2013,4,11,18
1718,2013,4,11,18
1735,2013,32,39,46
1741,2013,58,65,72
1742,2013,58,65,72
1801,2013,2,9,16
1802,2013,2,9,16
1804,2013,2,9,16
1807,2013,3,10,17
1808,2013,3,10,17
1814,2013,4,11,18
1818,2013,4,11,18
1819,2013,7,14,21
1820,2013,7,14,21
1821,2013,7,14,21
1822,2013,7,14,21
1828,2013,8,15,22
1837,2013,31,38,45
1838,2013,31,38,45
1844,2013,32,39,46
1846,2013,32,39,46
1847,2013,32,39,46
1848,2013,35,42,49
1849,2013,35,42,49
1850,2013,35,42,49
1851,2013,35,42,49
1856,2013,36,43,50
1859,2013,58,65,72
1860,2013,58,65,72
1861,2013,58,65,72
1869,2013,59,66,73
1870,2013,59,66,73
1871,2013,60,67,74
1878,2013,63,70,77
1881,2013,63,70,77
1882,2013,63,70,77
1883,2013,63,71,78
1901,2013,2,9,16
1902,2013,2,9,16
1906,2013,2,9,16
1907,2013,3,10,17
1908,2013,3,10,17
1913,2013,4,11,18
1916,2013,4,11,18
1919,2013,7,14,22
1920,2013,7,14,22
1924,2013,7,14,22
1927,2013,8,15,22
1930,2013,30,37,44
1931,2013,30,37,44
1932,2013,30,37,44
1933,2013,30,37,44
1936,2013,31,38,45
1937,2013,31,38,45
1938,2013,31,38,45
1939,2013,31,38,45
1946,2013,32,39,46
1949,2013,35,42,50
1950,2013,35,42,50
1962,2013,58,65,72
1963,2013,58,65,72
1964,2013,58,65,72
1967,2013,59,66,73
1973,2013,60,67,74
1974,2013,60,67,74
1986,2013,64,71,78
1987,2013,64,71,78
1,2014,62,69,76
2,2014,62,69,76
3,2014,62,69,76
4,2014,64,71,78
5,2014,64,71,78
6,2014,64,71,78
7,2014,62,69,76
8,2014,62,69,76
9,2014,62,69,76
10,2014,62,69,76
11,2014,64,71,78
12,2014,64,71,78
13,2014,64,71,78
14,2014,64,71,78
15,2014,62,69,76
16,2014,62,69,76
17,2014,63,70,77
18,2014,63,70,77
19,2014,64,72,78
20,2014,64,72,78
21,2014,66,73,80
22,2014,66,73,80
23,2014,66,73,80
24,2014,66,73,80
25,2014,63,70,77
26,2014,63,70,77
27,2014,62,69,76
28,2014,62,69,76
29,2014,64,72,78
30,2014,64,72,78
31,2014,43,50,56
32,2014,63,70,77
33,2014,63,70,77
34,2014,66,73,80
35,2014,66,73,80
36,2014,66,73,80
37,2014,66,73,80
38,2014,65,72,79
39,2014,65,72,79
40,2014,65,72,79
41,2014,63,70,77
42,2014,62,69,76
43,2014,64,72,78
44,2014,64,72,78
45,2014,64,72,78
46,2014,64,72,78
47,2014,63,70,77
48,2014,63,70,77
49,2014,63,70,77
50,2014,64,70,77
51,2014,44,51,57
52,2014,24,30,37
53,2014,63,70,77
54,2014,63,70,77
55,2014,63,70,77
56,2014,63,70,77
57,2014,64,71,78
58,2014,65,72,79
59,2014,65,72,79
60,2014,65,72,79
61,2014,62,69,76
62,2014,62,69,76
63,2014,62,69,76
64,2014,65,73,79
65,2014,65,72,79
66,2014,63,70,76
67,2014,63,70,77
68,2014,63,70,77
69,2014,44,51,57
70,2014,44,51,57
71,2014,43,51,57
72,2014,43,51,57
73,2014,43,50,56
74,2014,42,49,55
75,2014,42,49,55
76,2014,65,72,79
77,2014,44,52,58
78,2014,44,52,58
79,2014,43,51,57
80,2014,43,51,57
81,2014,64,71,78
82,2014,64,71,78
83,2014,64,71,78
84,2014,64,71,78
85,2014,44,51,58
86,2014,44,51,58
87,2014,43,50,57
88,2014,43,50,57
89,2014,63,70,77
90,2014,63,70,77
91,2014,62,69,76
92,2014,66,73,80
93,2014,66,73,80
94,2014,66,73,80
95,2014,65,72,79
96,2014,62,69,76
97,2014,62,69,77
98,2014,63,70,77
99,2014,44,51,57
100,2014,44,51,57
101,2014,43,51,57
102,2014,42,49,55
103,2014,42,49,55
104,2014,65,72,79
105,2014,65,72,79
106,2014,65,72,79
107,2014,44,52,58
108,2014,44,52,58
109,2014,44,52,58
110,2014,43,51,57
111,2014,43,51,57
112,2014,43,51,57
113,2014,64,71,78
114,2014,64,71,78
115,2014,64,71,79
116,2014,65,72,79
117,2014,65,72,79
118,2014,65,72,79
119,2014,45,52,59
120,2014,45,52,59
121,2014,45,52,59
122,2014,44,51,58
123,2014,44,51,58
124,2014,43,50,57
125,2014,41,48,55
126,2014,41,48,55
127,2014,20,27,34
128,2014,24,31,38
129,2014,24,31,38
130,2014,66,73,80
131,2014,65,72,79
132,2014,66,72,79
133,2014,62,69,76
134,2014,62,69,76
135,2014,62,69,76
136,2014,45,52,59
137,2014,44,51,57
138,2014,42,50,56
139,2014,42,50,56
140,2014,42,50,56
141,2014,41,49,55
142,2014,41,49,55
143,2014,41,49,55
144,2014,65,72,79
145,2014,65,72,79
146,2014,65,72,79
147,2014,64,71,78
148,2014,64,71,78
149,2014,43,51,57
150,2014,43,51,57
151,2014,65,72,79
152,2014,65,72,79
153,2014,65,72,79
154,2014,65,72,79
155,2014,65,72,79
156,2014,42,50,56
157,2014,45,52,59
158,2014,45,52,59
159,2014,45,52,59
160,2014,45,52,59
161,2014,44,51,58
162,2014,44,51,58
163,2014,44,51,58
164,2014,23,30,37
165,2014,43,50,57
166,2014,43,50,57
167,2014,3,10,17
168,2014,42,49,56
169,2014,42,49,56
170,2014,41,48,55
171,2014,41,48,55
172,2014,41,48,55
173,2014,21,28,35
174,2014,21,28,35
175,2014,21,28,35
176,2014,20,27,34
177,2014,20,27,34
178,2014,24,31,38
179,2014,25,31,38
180,2014,66,73,80
181,2014,24,30,37
182,2014,62,69,76
183,2014,62,69,76
184,2014,45,55,59
185,2014,45,55,59
186,2014,45,52,59
187,2014,43,50,56
188,2014,43,50,56
189,2014,42,50,56
190,2014,41,49,55
191,2014,41,49,55
192,2014,64,71,78
193,2014,64,71,78
194,2014,23,30,37
195,2014,62,69,76
196,2014,62,69,76
197,2014,42,50,56
198,2014,42,50,56
199,2014,42,50,56
200,2014,42,50,56
201,2014,42,50,56
202,2014,42,50,56
203,2014,43,51,57
204,2014,43,51,57
205,2014,23,30,37
206,2014,23,30,37
207,2014,23,30,37
208,2014,23,30,37
209,2014,22,29,36
210,2014,43,50,57
211,2014,43,50,57
212,2014,3,10,17
213,2014,3,10,17
214,2014,42,49,56
215,2014,42,49,56
216,2014,42,49,56
217,2014,41,48,55
218,2014,41,48,55
219,2014,21,28,35
220,2014,21,28,35
221,2014,21,28,35
222,2014,21,28,35
223,2014,20,27,34
224,2014,20,27,34
225,2014,62,69,76
226,2014,63,69,76
227,2014,43,50,56
228,2014,64,71,78
229,2014,64,71,78
230,2014,64,71,78
231,2014,62,69,76
232,2014,62,69,76
233,2014,62,69,76
234,2014,42,50,56
235,2014,41,49,55
236,2014,41,49,55
237,2014,41,49,55
238,2014,42,50,56
239,2014,42,50,56
240,2014,42,50,56
241,2014,43,51,57
242,2014,43,51,57
243,2014,43,51,57
244,2014,43,51,57
245,2014,24,31,38
246,2014,24,31,38
247,2014,23,30,37
248,2014,23,30,37
249,2014,22,29,36
250,2014,22,29,36
251,2014,22,29,36
252,2014,22,29,36
253,2014,3,10,17
254,2014,3,10,17
255,2014,42,49,56
256,2014,42,49,56
257,2014,1,8,14
258,2014,1,8,14
259,2014,1,8,14
260,2014,1,6,13
261,2014,20,27,34
262,2014,20,27,34
263,2014,41,49,56
264,2014,41,49,56
265,2014,41,49,56
266,2014,63,70,77
267,2014,63,70,77
268,2014,63,70,77
269,2014,44,52,58
270,2014,44,52,58
271,2014,42,50,56
272,2014,41,49,55
273,2014,41,49,55
274,2014,41,49,55
275,2014,43,51,57
276,2014,49,56,58
277,2014,49,56,58
278,2014,49,56,58
279,2014,24,31,38
280,2014,24,31,38
281,2014,24,31,38
282,2014,22,29,36
283,2014,22,29,36
284,2014,3,10,17
285,2014,3,10,17
286,2014,3,10,17
287,2014,2,9,16
288,2014,2,9,16
289,2014,1,7,14
290,2014,0,6,13
291,2014,0,6,13
292,2014,0,6,13
293,2014,23,30,37
294,2014,1,8,15
295,2014,23,30,35
296,2014,23,30,35
297,2014,23,30,35
298,2014,23,30,35
299,2014,24,31,37
300,2014,22,29,34
301,2014,41,48,56
302,2014,63,70,77
303,2014,63,70,77
304,2014,63,70,77
305,2014,63,70,77
306,2014,42,49,56
307,2014,42,49,56
308,2014,41,48,55
309,2014,41,48,55
310,2014,43,50,57
311,2014,49,56,63
312,2014,49,56,63
313,2014,49,56,63
314,2014,49,56,63
315,2014,24,31,38
316,2014,24,31,38
317,2014,2,9,16
318,2014,2,9,16
319,2014,1,8,15
320,2014,1,8,15
321,2014,1,7,14
322,2014,1,7,14
323,2014,1,7,13
324,2014,1,7,13
325,2014,24,31,37
326,2014,24,31,37
327,2014,24,31,37
328,2014,24,31,37
329,2014,24,31,35
330,2014,23,30,35
331,2014,23,30,35
332,2014,21,28,34
333,2014,21,28,34
334,2014,22,29,35
335,2014,21,28,35
336,2014,21,28,34
337,2014,62,69,76
338,2014,41,48,55
339,2014,22,29,34
340,2014,42,49,56
341,2014,21,28,34
342,2014,22,29,35
343,2014,22,29,35
344,2014,22,29,35
345,2014,23,30,37
346,2014,24,31,38
347,2014,49,56,58
348,2014,2,9,16
349,2014,2,9,16
350,2014,1,8,15
351,2014,1,8,15
352,2014,1,8,15
353,2014,1,7,14
354,2014,0,6,13
355,2014,24,31,37
356,2014,23,30,37
357,2014,22,29,35
358,2014,22,29,35
359,2014,21,28,35
360,2014,62,69,76
361,2014,41,48,55
362,2014,41,48,55
363,2014,41,48,55
364,2014,21,28,34
365,2014,41,48,55
366,2014,41,48,55
367,2014,21,28,34
368,2014,22,29,35
369,2014,22,29,35
370,2014,22,29,35
371,2014,22,29,35
372,2014,23,30,37
373,2014,23,30,37
374,2014,1,8,15
375,2014,24,31,37
376,2014,21,28,35
377,2014,23,30,36
378,2014,41,48,55
379,2014,21,28,34
380,2014,21,28,34
381,2014,21,28,34
382,2014,21,28,34
383,2014,21,28,34
384,2014,22,29,35
385,2014,23,30,37
386,2014,23,30,37
387,2014,23,30,37
388,2014,24,31,37
389,2014,22,29,35
390,2014,23,30,36
391,2014,23,30,36
392,2014,21,28,34
393,2014,21,28,34
394,2014,21,28,34
395,2014,21,28,34
396,2014,21,28,34
397,2014,3,10,16
398,2014,3,10,16
399,2014,23,30,37
400,2014,23,30,37
401,2014,24,31,38
402,2014,24,31,38
403,2014,24,31,37
404,2014,2,9,16
405,2014,22,29,35
406,2014,22,29,35
407,2014,21,28,34
408,2014,21,28,34
409,2014,3,10,16
410,2014,3,10,16
411,2014,3,10,16
412,2014,3,10,16
413,2014,24,31,38
414,2014,24,31,38
415,2014,24,31,38
416,2014,24,31,38
417,2014,3,10,16
418,2014,24,31,37
419,2014,3,10,16
420,2014,22,29,35
421,2014,22,29,35
422,2014,22,29,35
423,2014,3,10,16
424,2014,3,10,16
425,2014,24,31,38
426,2014,3,10,16
427,2014,1,7,14
428,2014,23,30,36
429,2014,22,29,35
430,2014,22,29,35
431,2014,2,9,15
432,2014,2,9,15
433,2014,2,9,15
434,2014,2,9,15
435,2014,3,10,16
436,2014,23,30,36
437,2014,23,30,36
438,2014,23,30,36
439,2014,22,29,35
440,2014,22,29,35
441,2014,1,7,14
442,2014,1,7,14
443,2014,0,6,13
444,2014,0,6,13
445,2014,0,6,13
446,2014,0,6,13
447,2014,0,6,14
448,2014,0,6,13
449,2014,2,9,15
450,2014,2,9,15
451,2014,2,9,15
452,2014,21,28,34
453,2014,2,9,16
454,2014,3,10,16
455,2014,2,9,16
456,2014,22,29,35
457,2014,1,7,14
458,2014,1,7,14
459,2014,0,6,13
460,2014,0,6,13
461,2014,1,7,14
462,2014,1,7,14
463,2014,2,9,15
464,2014,2,9,15
465,2014,3,10,16
466,2014,3,10,16
467,2014,2,9,16
468,2014,1,7,14
469,2014,1,7,14
470,2014,0,6,13
471,2014,0,6,13
472,2014,0,6,13
473,2014,0,6,13
474,2014,1,7,14
475,2014,1,7,14
476,2014,3,10,16
477,2014,2,9,15
478,2014,0,6,13
479,2014,0,6,13
480,2014,0,6,13
481,2014,0,6,13
482,2014,0,6,13
483,2014,0,6,14
484,2014,3,10,16
485,2014,3,10,16
486,2014,0,7,14
487,2014,0,7,14
488,2014,0,7,14
489,2014,66,73,80
490,2014,66,73,80
491,2014,65,72,79
492,2014,2,9,15
493,2014,2,9,15
494,2014,2,9,15
495,2014,0,6,15
496,2014,66,73,80
497,2014,0,6,15
498,2014,0,6,14
499,2014,0,6,14
500,2014,55,62,59
501,2014,45,52,59
502,2014,65,72,79
503,2014,65,72,79
504,2014,65,72,79
505,2014,2,9,15
506,2014,1,7,15
507,2014,1,7,15
508,2014,1,7,15
509,2014,2,9,15
510,2014,0,6,15
511,2014,2,9,15
512,2014,0,6,13
513,2014,66,73,80
514,2014,45,52,59
515,2014,45,52,59
516,2014,66,73,80
517,2014,0,6,15
518,2014,1,7,15
519,2014,1,7,15
520,2014,0,6,15
521,2014,0,6,15
522,2014,0,6,13
523,2014,1,7,13
524,2014,1,7,13
525,2014,65,72,79
526,2014,0,6,13
527,2014,0,6,13
528,2014,0,6,13
529,2014,65,72,79
530,2014,65,72,79
531,2014,45,52,59
532,2014,44,51,58
533,2014,44,51,58
534,2014,65,72,79
535,2014,0,6,13
536,2014,0,6,13
537,2014,65,72,79
538,2014,65,72,79
539,2014,65,72,79
540,2014,24,31,38
541,2014,44,51,58
542,2014,44,51,58
543,2014,44,51,58
544,2014,44,51,58
545,2014,63,70,77
546,2014,63,70,77
547,2014,24,31,38
548,2014,24,31,38
549,2014,24,31,38
550,2014,23,30,37
551,2014,23,30,37
552,2014,44,51,58
553,2014,44,51,58
554,2014,44,51,58
555,2014,44,51,58
556,2014,63,70,77
557,2014,3,10,17
558,2014,3,10,17
559,2014,3,10,17
560,2014,24,31,38
561,2014,23,30,37
562,2014,3,10,16
563,2014,23,30,37
564,2014,23,30,37
565,2014,44,51,58
566,2014,63,70,77
567,2014,63,70,77
568,2014,63,70,77
569,2014,3,10,17
570,2014,3,10,17
571,2014,23,30,37
572,2014,2,9,16
573,2014,2,9,16
574,2014,2,9,16
575,2014,42,49,56
576,2014,42,49,56
577,2014,42,49,56
578,2014,2,9,16
579,2014,2,9,16
580,2014,42,49,56
581,2014,42,49,56
582,2014,42,49,56
583,2014,23,30,37
584,2014,23,30,37
585,2014,23,30,37
586,2014,23,30,37
587,2014,23,30,37
588,2014,21,28,35
589,2014,21,28,35
590,2014,21,28,35
591,2014,21,28,35
592,2014,21,28,35
593,2014,2,9,16
594,2014,21,28,35
595,2014,9,16,16
596,2014,2,9,16
597,2014,2,9,16
598,2014,2,9,16
599,2014,1,7,14
600,2014,1,7,14
601,2014,1,7,14
602,2014,14,21,28
603,2014,10,17,14
604,2014,1,7,14
605,2014,0,6,15
606,2014,0,6,15
607,2014,0,6,15
608,2014,63,70,77
1,2015,-1,5,12
2,2015,-1,5,12
3,2015,-1,5,12
4,2015,1,8,15
7,2015,-1,5,12
8,2015,-1,5,12
9,2015,-1,5,12
10,2015,-1,5,12
12,2015,1,8,15
13,2015,1,8,15
14,2015,1,8,15
15,2015,-1,5,12
16,2015,-1,5,12
17,2015,1,8,15
18,2015,1,8,15
19,2015,-1,5,12
20,2015,-1,5,12
22,2015,-1,5,12
23,2015,-1,5,12
24,2015,-1,5,12
26,2015,1,8,15
27,2015,2,9,16
28,2015,2,9,16
29,2015,-1,5,12
30,2015,-1,5,12
32,2015,0,6,13
33,2015,0,6,13
34,2015,0,6,13
35,2015,-1,5,12
36,2015,-1,5,12
37,2015,-1,5,12
38,2015,-1,5,12
39,2015,0,6,13
40,2015,0,6,13
43,2015,2,9,16
46,2015,0,6,14
50,2015,-1,5,12
53,2015,0,6,13
54,2015,0,6,13
55,2015,0,6,13
56,2015,0,6,13
57,2015,0,6,13
58,2015,1,7,14
59,2015,0,6,13
60,2015,0,6,13
61,2015,0,6,13
62,2015,2,9,16
63,2015,2,9,16
64,2015,2,9,16
66,2015,0,6,14
67,2015,-1,5,12
68,2015,-1,5,12
71,2015,0,6,13
72,2015,0,6,13
73,2015,0,6,13
75,2015,21,28,34
76,2015,21,28,34
80,2015,-1,5,12
81,2015,-1,5,12
82,2015,1,7,14
83,2015,1,7,14
84,2015,1,7,14
85,2015,1,7,14
88,2015,1,7,14
89,2015,1,7,14
90,2015,22,29,36
91,2015,22,29,36
92,2015,2,9,16
94,2015,-1,5,12
95,2015,-1,5,12
97,2015,0,6,13
98,2015,0,6,13
100,2015,0,6,13
101,2015,0,6,13
102,2015,0,6,13
103,2015,21,28,34
104,2015,21,28,34
107,2015,1,7,14
108,2015,-1,5,12
109,2015,-1,5,12
110,2015,-1,5,12
111,2015,-1,5,12
112,2015,-1,5,12
114,2015,1,7,14
115,2015,1,7,14
116,2015,2,9,15
117,2015,2,9,15
118,2015,2,9,15
119,2015,2,9,15
121,2015,19,26,33
122,2015,19,26,33
124,2015,0,6,13
125,2015,1,7,14
126,2015,22,29,36
127,2015,22,29,36
130,2015,-1,5,12
131,2015,-1,5,12
132,2015,-1,5,12
133,2015,-1,5,12
135,2015,0,6,13
138,2015,0,6,13
139,2015,19,26,34
140,2015,19,26,34
141,2015,19,26,34
142,2015,21,28,34
143,2015,21,28,34
144,2015,21,28,34
147,2015,1,7,14
148,2015,1,7,14
150,2015,0,6,13
151,2015,0,6,13
152,2015,2,9,15
153,2015,2,9,15
154,2015,2,9,15
155,2015,2,9,15
156,2015,2,9,15
157,2015,22,29,36
159,2015,19,26,33
160,2015,19,26,33
161,2015,19,26,33
162,2015,19,26,33
163,2015,19,26,33
164,2015,0,6,13
166,2015,1,7,14
167,2015,1,7,14
168,2015,21,28,35
174,2015,23,30,37
180,2015,-1,5,12
181,2015,-1,5,12
182,2015,0,6,13
183,2015,0,6,14
184,2015,0,6,13
186,2015,0,6,13
188,2015,22,29,34
189,2015,19,26,34
190,2015,19,26,34
191,2015,21,28,34
192,2015,21,28,34
194,2015,1,7,14
195,2015,42,49,56
197,2015,0,6,13
200,2015,21,28,35
201,2015,21,28,35
202,2015,21,28,35
203,2015,22,29,36
204,2015,22,29,36
205,2015,22,29,36
206,2015,20,27,34
207,2015,20,27,34
209,2015,1,7,14
210,2015,1,7,14
212,2015,21,28,35
213,2015,21,28,35
214,2015,21,28,35
216,2015,42,49,56
217,2015,22,29,36
218,2015,22,29,36
219,2015,23,30,37
220,2015,23,30,37
222,2015,23,30,37
223,2015,21,28,37
224,2015,44,51,58
225,2015,44,51,58
226,2015,0,6,14
227,2015,0,6,13
228,2015,19,26,34
232,2015,0,6,13
233,2015,0,6,13
234,2015,0,6,13
236,2015,20,27,34
237,2015,20,27,34
238,2015,21,28,35
239,2015,21,28,35
240,2015,21,28,35
241,2015,21,28,35
242,2015,22,29,36
243,2015,22,29,36
244,2015,22,29,36
245,2015,22,29,36
246,2015,40,47,54
248,2015,20,27,34
249,2015,20,27,34
250,2015,20,27,34
251,2015,20,27,34
255,2015,21,28,35
257,2015,22,29,36
258,2015,23,30,37
259,2015,23,30,37
261,2015,44,51,58
262,2015,44,51,58
264,2015,21,28,34
265,2015,21,28,34
271,2015,0,6,13
273,2015,20,27,34
274,2015,20,27,34
275,2015,20,27,34
276,2015,22,29,36
277,2015,23,30,37
278,2015,23,30,37
279,2015,23,30,37
280,2015,40,47,54
281,2015,40,47,54
282,2015,40,47,54
283,2015,20,27,34
284,2015,21,28,35
286,2015,21,28,35
287,2015,42,49,56
288,2015,42,49,59
289,2015,42,49,56
292,2015,44,51,58
293,2015,44,51,58
294,2015,0,6,13
295,2015,43,50,57
296,2015,41,48,55
297,2015,44,51,58
298,2015,44,51,58
299,2015,44,51,58
300,2015,2,9,15
301,2015,41,48,55
302,2015,21,28,34
303,2015,21,28,34
304,2015,1,7,14
305,2015,1,7,14
307,2015,20,27,34
309,2015,20,27,34
310,2015,20,27,34
311,2015,23,30,37
312,2015,23,30,37
313,2015,23,30,37
314,2015,23,30,37
315,2015,23,30,37
316,2015,40,47,54
317,2015,40,47,54
318,2015,42,49,56
319,2015,42,49,56
320,2015,43,50,57
321,2015,43,50,57
324,2015,44,51,58
326,2015,42,49,56
327,2015,42,49,56
328,2015,2,9,15
329,2015,2,9,15
330,2015,44,51,58
331,2015,44,51,58
332,2015,44,51,58
333,2015,41,48,55
334,2015,41,48,55
335,2015,22,29,36
336,2015,22,29,36
337,2015,41,48,55
338,2015,1,7,14
340,2015,41,48,55
341,2015,20,27,34
342,2015,41,48,54
343,2015,42,49,55
344,2015,42,49,55
345,2015,42,49,55
346,2015,43,50,56
347,2015,44,51,57
348,2015,23,30,37
350,2015,42,49,56
351,2015,43,50,57
352,2015,43,50,57
353,2015,43,50,57
356,2015,42,49,56
357,2015,42,49,56
358,2015,43,50,58
359,2015,43,50,58
360,2015,22,29,36
361,2015,2,9,15
363,2015,21,28,35
364,2015,21,28,35
365,2015,21,28,35
366,2015,20,27,34
367,2015,20,27,34
368,2015,41,48,54
369,2015,42,49,55
370,2015,42,49,55
371,2015,42,49,55
372,2015,42,49,55
373,2015,43,50,56
374,2015,43,50,56
375,2015,43,50,57
376,2015,2,9,15
377,2015,22,29,36
378,2015,21,28,35
379,2015,21,28,35
380,2015,21,28,35
381,2015,21,28,35
382,2015,20,27,34
383,2015,41,48,54
384,2015,41,48,54
385,2015,42,49,55
386,2015,43,50,56
387,2015,43,50,56
388,2015,43,50,56
389,2015,2,9,15
390,2015,41,48,55
391,2015,23,30,36
392,2015,22,29,35
393,2015,20,27,34
394,2015,20,27,34
395,2015,41,48,54
396,2015,41,48,54
397,2015,41,48,54
398,2015,64,71,78
399,2015,64,71,78
400,2015,43,50,56
401,2015,43,50,56
402,2015,44,51,57
403,2015,44,51,57
404,2015,2,9,15
405,2015,65,72,79
406,2015,41,48,55
407,2015,41,48,55
409,2015,41,48,54
410,2015,64,71,78
411,2015,64,71,78
412,2015,64,71,78
413,2015,64,71,78
414,2015,44,51,57
415,2015,44,51,57
416,2015,44,51,57
417,2015,44,51,57
418,2015,65,72,79
421,2015,41,48,55
422,2015,23,30,36
424,2015,64,71,78
425,2015,64,71,78
426,2015,44,51,57
428,2015,22,29,35
429,2015,23,30,36
430,2015,23,30,36
431,2015,23,30,36
432,2015,62,69,76
433,2015,63,70,77
434,2015,63,70,77
435,2015,63,70,77
437,2015,40,47,54
438,2015,40,47,54
439,2015,40,47,54
440,2015,23,30,36
441,2015,23,30,36
444,2015,61,68,75
445,2015,61,68,75
446,2015,61,68,75
447,2015,62,69,76
448,2015,62,69,76
449,2015,62,69,76
450,2015,63,70,77
451,2015,63,70,77
452,2015,63,70,77
453,2015,41,48,55
454,2015,65,72,79
455,2015,65,72,79
456,2015,65,72,79
458,2015,22,29,35
460,2015,61,68,75
461,2015,61,68,75
462,2015,62,69,76
463,2015,62,69,76
464,2015,63,70,77
465,2015,63,70,77
467,2015,65,72,79
468,2015,65,72,79
469,2015,22,29,35
470,2015,22,29,35
472,2015,61,68,75
473,2015,61,68,75
474,2015,61,68,75
475,2015,62,69,76
476,2015,62,69,76
477,2015,43,50,57
478,2015,40,47,54
479,2015,22,29,35
480,2015,22,29,35
484,2015,63,70,76
485,2015,43,50,57
486,2015,43,50,57
487,2015,63,70,76
488,2015,63,70,76
489,2015,63,70,76
490,2015,-1,5,12
491,2015,-1,5,12
492,2015,-1,5,12
493,2015,43,50,57
496,2015,62,69,76
497,2015,-1,5,12
498,2015,63,70,78
499,2015,63,70,76
500,2015,63,70,76
501,2015,0,6,13
502,2015,0,6,13
503,2015,-1,5,12
504,2015,-1,5,12
505,2015,0,6,13
507,2015,62,69,76
508,2015,62,69,76
509,2015,62,69,76
510,2015,40,47,54
511,2015,63,70,78
512,2015,40,47,54
513,2015,40,47,54
514,2015,-1,5,12
515,2015,1,7,14
516,2015,1,7,14
517,2015,-1,5,12
518,2015,63,70,78
519,2015,62,69,76
520,2015,62,69,76
521,2015,63,70,78
522,2015,64,71,78
523,2015,63,70,78
524,2015,65,72,78
525,2015,65,72,78
526,2015,0,6,13
527,2015,65,72,78
528,2015,65,72,78
529,2015,65,72,78
530,2015,1,7,14
531,2015,1,7,14
532,2015,1,7,14
533,2015,0,6,13
534,2015,0,6,13
535,2015,0,6,13
536,2015,65,72,77
537,2015,65,72,77
538,2015,1,7,14
539,2015,1,7,14
540,2015,19,26,33
541,2015,20,27,34
542,2015,20,27,34
543,2015,20,27,34
544,2015,19,26,33
545,2015,19,26,33
546,2015,19,26,33
547,2015,19,26,33
548,2015,21,28,35
549,2015,21,28,35
550,2015,21,28,35
551,2015,20,27,34
552,2015,20,27,34
553,2015,20,27,34
554,2015,20,27,34
555,2015,19,26,33
556,2015,19,26,33
557,2015,20,27,33
558,2015,21,28,35
559,2015,21,28,35
560,2015,21,28,35
561,2015,21,28,35
562,2015,42,49,56
563,2015,42,49,56
564,2015,41,48,55
565,2015,41,48,55
566,2015,40,47,54
567,2015,40,47,54
568,2015,40,47,54
569,2015,40,47,54
570,2015,42,49,56
571,2015,42,49,56
572,2015,42,49,56
573,2015,41,48,55
574,2015,41,48,55
575,2015,41,48,55
576,2015,40,47,54
577,2015,40,47,54
578,2015,40,47,54
579,2015,41,48,55
580,2015,41,48,55
581,2015,40,47,54
582,2015,42,49,56
583,2015,42,49,56
584,2015,61,68,75
585,2015,61,68,75
586,2015,61,68,75
587,2015,61,68,75
588,2015,61,68,75
589,2015,61,68,75
590,2015,61,68,75
591,2015,61,68,75
592,2015,62,69,76
593,2015,62,69,76
594,2015,62,69,76
595,2015,62,69,76
596,2015,62,69,76
597,2015,62,69,76
598,2015,62,69,76
599,2015,63,70,77
600,2015,63,70,77
601,2015,63,70,77
602,2015,63,70,77
603,2015,63,70,77
604,2015,63,70,77
605,2015,63,70,77
606,2015,63,70,78
607,2015,64,71,78
608,2015,64,71,78
609,2015,22,29,36
610,2015,22,29,36
611,2015,20,27,34
612,2015,20,27,34
613,2015,20,27,34
614,2015,61,68,75
615,2015,40,47,54
616,2015,61,68,75
617,2015,20,27,34
618,2015,20,27,34
619,2015,20,27,34
620,2015,41,48,55
621,2015,41,48,55
622,2015,41,48,55
623,2015,61,68,75
624,2015,61,68,75
625,2015,20,27,34
626,2015,20,27,34
627,2015,41,48,55
628,2015,41,48,55
629,2015,41,48,55
630,2015,61,68,75
631,2015,61,68,75
632,2015,62,69,76
633,2015,62,69,76
634,2015,63,70,77
635,2015,40,47,57
636,2015,43,50,57
637,2015,20,27,34
638,2015,41,48,55
639,2015,62,69,76
640,2015,62,69,76
641,2015,63,70,77
642,2015,63,70,77
643,2015,63,70,77
644,2015,43,50,57
645,2015,40,47,57
646,2015,43,50,57
647,2015,43,50,57
648,2015,43,50,57
649,2015,61,68,75
650,2015,62,69,76
651,2015,62,69,76
652,2015,62,69,76
653,2015,63,70,77
654,2015,63,70,77
655,2015,43,50,57
656,2015,43,50,57
657,2015,43,50,57
658,2015,63,70,77
659,2015,65,72,79
660,2015,65,72,79
661,2015,43,50,57
662,2015,65,72,79
663,2015,65,72,79
664,2015,65,72,79
665,2015,64,71,78
666,2015,65,72,79
667,2015,65,72,79
668,2015,64,71,78
669,2015,64,71,78
670,2015,64,71,78
671,2015,64,71,78
672,2015,64,71,78
673,2015,64,71,78
674,2015,61,68,75
675,2015,43,50,57
676,2015,43,50,57
677,2015,61,68,75
678,2015,61,68,75
679,2015,43,50,57
680,2015,42,49,56
681,2015,42,49,56
682,2015,42,49,56
683,2015,42,49,56
684,2015,42,49,56
685,2015,42,49,56
686,2015,61,68,75
687,2015,61,68,75
688,2015,42,49,56
689,2015,41,48,55
690,2015,41,48,55
691,2015,61,68,75
692,2015,61,68,75
693,2015,62,69,76
694,2015,62,69,76
695,2015,41,48,55
696,2015,41,48,55
697,2015,41,48,55
698,2015,41,48,55
699,2015,41,48,55
700,2015,63,70,77
701,2015,62,69,76
702,2015,62,69,76
703,2015,62,69,76
704,2015,63,70,77
705,2015,64,71,78
706,2015,62,69,76
707,2015,62,69,76
708,2015,63,70,77
709,2015,63,70,77
710,2015,63,70,77
711,2015,63,70,77
712,2015,63,70,77
713,2015,64,71,78
714,2015,64,71,78
715,2015,64,71,78
716,2015,64,71,78
717,2015,64,71,78
718,2015,64,71,78
ADK - 0410,2016,55,62,69
ADK - 0550,2016,55,62,69
ADK - 0693,2016,55,62,69
ADK - 0775,2016,26,33,40
ADK - 0836,2016,55,62,69
ADK - 0905,2016,55,62,69
ADK - 0908,2016,55,62,69
ADK - 0910,2016,69,76,83
ADK - 0915,2016,14,21,28
ADK - 0920,2016,26,33,40
ADK - 0987,2016,26,33,40
ADK - 0992,2016,14,21,28
ADK - 1043,2016,55,62,69
ADK - 1048,2016,39,46,53
ADK - 1052,2016,68,75,82
ADK - 1054,2016,68,75,82
ADK - 1121,2016,69,76,83
ADK - 1123,2016,39,46,53
ADK - 1125,2016,68,75,82
ADK - 1196,2016,68,75,82
ADK - 1256,2016,38,45,52
ADK - 1258,2016,38,45,52
ADK - 1262,2016,38,45,52
ADK - 1266,2016,68,75,82
ADK - 1271,2016,26,33,40
ADK - 1332,2016,38,45,52
ADK - 1399,2016,38,45,52
ADK - 1400,2016,69,76,83
ADK - 1402,2016,69,76,83
ADK - 1408,2016,68,75,82
ADK - 1476,2016,69,76,83
ADK - 1483,2016,26,33,40
ADK - 1540,2016,69,76,83
ADK - 1554,2016,10,17,24
ADK - 1613,2016,53,60,67
ADK - 1617,2016,69,76,83
ADK - 1631,2016,11,18,25
ADK - 1678,2016,38,45,52
ADK - 1688,2016,53,60,67
ADK - 1694,2016,10,17,24
ADK - 1820,2016,38,45,52
ADK - 1830,2016,39,46,53
ADK - 1839,2016,10,17,24
ADK - 1902,2016,39,46,53
ADK - 1910,2016,10,17,24
ADK - 1961,2016,38,45,52
ADK - 1976,2016,39,46,53
ADK - 1981,2016,10,17,24
ADK - 2032,2016,38,45,52
ADK - 2035,2016,39,46,53
ADK - 2041,2016,53,60,67
ADK - 2049,2016,11,18,25
ADK - 2053,2016,13,20,27
ADK - 2182,2016,53,60,67
ADK - 2187,2016,33,40,47
ADK - 2265,2016,13,20,27
ADK - 2327,2016,33,40,47
ADK - 2332,2016,11,18,25
ADK - 2333,2016,11,18,25
ADK - 2336,2016,25,32,39
ADK - 2384,2016,40,47,54
ADK - 2387,2016,40,47,54
ADK - 2404,2016,11,18,25
ADK - 2452,2016,40,47,54
ADK - 2478,2016,10,17,24
ADK - 2527,2016,40,47,54
ADK - 2541,2016,40,47,54
ADK - 2542,2016,40,47,54
ADK - 2546,2016,10,17,24
ADK - 2547,2016,10,17,24
ADK - 2619,2016,13,20,27
ADK - 2621,2016,13,20,27
ADK - 2672,2016,41,48,55
ADK - 2674,2016,41,48,55
ADK - 2751,2016,40,47,54
ADK - 2753,2016,41,48,55
ADK - 2761,2016,12,19,26
ADK - 2822,2016,40,47,54
ADK - 2832,2016,12,19,26
ADK - 2888,2016,39,46,53
ADK - 2891,2016,39,46,53
ADK - 2957,2016,41,48,55
ADK - 2972,2016,12,19,26
ADK - 3032,2016,39,46,53
ADK - 3043,2016,12,19,26
ADK - 3047,2016,11,18,25
ADK - 3106,2016,39,46,53
ADK - 3111,2016,14,21,28
ADK - 3119,2016,10,17,24
ADK - 3190,2016,10,17,24
ADK - 3256,2016,11,18,25
ADK - 3321,2016,13,20,27
ADK - 3330,2016,12,19,26
ADK - 3394,2016,13,20,27
ADK - 3400,2016,13,20,27
ADK - 3603,2016,14,21,28
ADK - 3607,2016,14,21,28
TH - 0403,2016,25,32,39
TH - 0405,2016,48,55,62
TH - 0406,2016,48,55,62
TH - 0476,2016,48,55,62
TH - 0540,2016,69,76,83
TH - 0542,2016,48,55,62
TH - 0614,2016,25,32,39
TH - 0678,2016,14,21,28
TH - 0684,2016,25,32,39
TH - 0685,2016,4,11,18
TH - 0756,2016,35,42,49
TH - 0818,2016,48,55,62
TH - 0893,2016,4,11,18
TH - 0898,2016,69,76,83
TH - 0959,2016,4,11,18
TH - 0960,2016,25,32,39
TH - 0969,2016,69,76,83
TH - 1029,2016,48,55,62
TH - 1036,2016,69,76,83
TH - 1099,2016,48,55,62
TH - 1105,2016,69,76,83
TH - 1107,2016,48,55,62
TH - 1173,2016,48,55,62
TH - 1236,2016,47,54,61
TH - 1306,2016,47,54,61
TH - 1309,2016,47,54,61
TH - 1314,2016,48,55,62
TH - 1315,2016,48,55,62
TH - 1391,2016,45,52,59
TH - 1448,2016,47,54,61
TH - 1452,2016,27,34,41
TH - 1462,2016,45,52,59
TH - 1463,2016,45,52,59
TH - 1521,2016,47,54,61
TH - 1529,2016,45,52,59
TH - 1530,2016,45,52,59
TH - 1666,2016,27,34,41
TH - 1668,2016,27,34,41
TH - 1673,2016,67,74,81
TH - 1733,2016,24,31,38
TH - 1734,2016,24,31,38
TH - 1740,2016,27,34,41
TH - 1742,2016,27,34,41
TH - 1811,2016,49,56,63
TH - 1877,2016,66,73,80
TH - 1884,2016,49,56,63
TH - 1950,2016,66,73,80
TH - 1951,2016,66,73,80
TH - 2011,2016,6,13,20
TH - 2015,2016,66,73,80
TH - 2022,2016,66,73,80
TH - 2083,2016,6,13,20
TH - 2092,2016,24,31,38
TH - 2162,2016,24,31,38
TH - 2226,2016,67,74,81
TH - 2228,2016,67,74,81
TH - 2238,2016,49,56,63
TH - 2239,2016,49,56,63
TH - 2374,2016,25,32,39
TH - 2506,2016,6,13,20
TH - 2577,2016,6,13,20
TH - 2585,2016,25,32,39
TH - 2651,2016,65,72,79
TH - 2656,2016,25,32,39
TH - 2719,2016,6,13,20
TH - 2722,2016,67,74,81
TH - 2795,2016,8,15,22
TH - 2866,2016,3,10,17
TH - 2871,2016,4,11,18
TH - 2872,2016,4,11,18
TH - 2874,2016,4,11,18
TH - 2936,2016,3,10,17
TH - 2940,2016,25,32,39
TH - 2942,2016,4,11,18
TH - 2943,2016,4,11,18
TH - 3073,2016,3,10,17
TH - 3076,2016,3,10,17
TH - 3092,2016,70,77,84
TH - 3154,2016,25,32,39
TH - 3157,2016,70,77,84
TH - 3160,2016,70,77,84
TH - 3304,2016,70,77,84
TH - 3369,2016,70,77,84
TH - 3372,2016,4,11,18
TH - 3444,2016,4,11,18
TH - 3445,2016,4,11,18
TH - 3518,2016,4,11,18
TH - 3591,2016,25,32,39
TH - 3659,2016,27,34,41
TH - 3662,2016,25,32,39
TH - 3663,2016,4,11,18
TH - 3737,2016,25,32,39
TH - 3803,2016,25,32,39
TH - 3806,2016,49,56,63
TH - 3879,2016,49,56,63
TH - 3947,2016,49,56,63
TH - 3949,2016,49,56,63
TH - 4022,2016,49,56,63
ADK - 0410,2017,24,31,38
ADK - 0550,2017,57,64,71
ADK - 0693,2017,57,64,71
ADK - 0775,2017,23,30,37
ADK - 0905,2017,57,64,71
ADK - 0908,2017,25,32,39
ADK - 0910,2017,25,32,39
ADK - 0915,2017,23,30,37
ADK - 0920,2017,24,31,38
ADK - 0987,2017,24,31,38
ADK - 0992,2017,24,31,38
ADK - 1048,2017,30,37,44
ADK - 1052,2017,27,34,41
ADK - 1054,2017,27,34,41
ADK - 1121,2017,25,32,39
ADK - 1123,2017,27,34,41
ADK - 1125,2017,27,34,41
ADK - 1196,2017,27,34,41
ADK - 1256,2017,57,64,71
ADK - 1258,2017,30,37,44
ADK - 1262,2017,25,32,39
ADK - 1266,2017,27,34,41
ADK - 1271,2017,58,65,72
ADK - 1332,2017,25,32,39
ADK - 1399,2017,30,37,44
ADK - 1400,2017,30,37,44
ADK - 1402,2017,30,37,44
ADK - 1408,2017,27,34,41
ADK - 1483,2017,58,65,72
ADK - 1540,2017,23,30,37
ADK - 1554,2017,58,65,72
ADK - 1613,2017,23,30,37
ADK - 1617,2017,27,34,41
ADK - 1631,2017,26,33,40
ADK - 1678,2017,19,26,33
ADK - 1688,2017,30,37,44
ADK - 1694,2017,26,33,40
ADK - 1820,2017,19,26,33
ADK - 1830,2017,22,29,36
ADK - 1839,2017,26,33,40
ADK - 1902,2017,22,29,36
ADK - 1910,2017,26,33,40
ADK - 1961,2017,19,26,33
ADK - 1976,2017,23,30,37
ADK - 1981,2017,26,33,40
ADK - 2032,2017,19,26,33
ADK - 2035,2017,18,25,32
ADK - 2041,2017,26,33,40
ADK - 2049,2017,23,30,37
ADK - 2053,2017,26,33,40
ADK - 2182,2017,18,25,32
ADK - 2187,2017,18,25,32
ADK - 2265,2017,24,31,38
ADK - 2332,2017,24,31,38
ADK - 2333,2017,24,31,38
ADK - 2336,2017,24,31,38
ADK - 2384,2017,30,37,44
ADK - 2387,2017,30,37,44
ADK - 2404,2017,24,31,38
ADK - 2452,2017,30,37,44
ADK - 2478,2017,78,85,92
ADK - 2527,2017,18,25,32
ADK - 2541,2017,25,32,39
ADK - 2542,2017,25,32,39
ADK - 2546,2017,24,31,38
ADK - 2547,2017,61,68,75
ADK - 2619,2017,71,78,85
ADK - 2621,2017,71,78,85
ADK - 2751,2017,71,78,85
ADK - 2761,2017,72,79,86
ADK - 2822,2017,71,78,85
ADK - 2832,2017,72,79,86
ADK - 2972,2017,60,67,74
ADK - 3032,2017,54,61,68
ADK - 3043,2017,58,65,72
ADK - 3047,2017,59,66,73
ADK - 3106,2017,54,61,68
ADK - 3111,2017,58,65,72
ADK - 3119,2017,60,67,74
ADK - 3190,2017,60,67,74
ADK - 3321,2017,57,64,71
ADK - 3394,2017,57,64,71
ADK - 3603,2017,54,61,68
ADK - 3607,2017,54,61,68
TH - 0403,2017,25,32,39
TH - 0405,2017,25,32,39
TH - 0406,2017,25,32,39
TH - 0476,2017,25,32,39
TH - 0540,2017,67,74,81
TH - 0542,2017,4,11,18
TH - 0614,2017,25,32,39
TH - 0678,2017,57,64,71
TH - 0684,2017,46,53,60
TH - 0685,2017,4,11,18
TH - 0756,2017,4,11,18
TH - 0818,2017,74,81,88
TH - 0893,2017,67,74,81
TH - 0898,2017,4,11,18
TH - 0959,2017,67,74,81
TH - 0960,2017,46,53,60
TH - 0969,2017,4,11,18
TH - 1029,2017,43,50,57
TH - 1036,2017,67,74,81
TH - 1099,2017,43,50,57
TH - 1105,2017,67,74,81
TH - 1107,2017,66,73,80
TH - 1173,2017,53,60,67
TH - 1236,2017,46,53,60
TH - 1306,2017,46,53,60
TH - 1309,2017,46,53,60
TH - 1314,2017,43,50,57
TH - 1315,2017,43,50,57
TH - 1391,2017,44,51,58
TH - 1448,2017,46,53,60
TH - 1452,2017,25,32,39
TH - 1462,2017,44,51,58
TH - 1463,2017,44,51,58
TH - 1521,2017,46,53,60
TH - 1529,2017,44,51,58
TH - 1530,2017,44,51,58
TH - 1666,2017,25,32,39
TH - 1668,2017,25,32,39
TH - 1673,2017,65,72,79
TH - 1733,2017,22,29,36
TH - 1734,2017,22,29,36
TH - 1740,2017,25,32,39
TH - 1742,2017,25,32,39
TH - 1811,2017,65,72,79
TH - 1877,2017,22,29,36
TH - 1884,2017,65,72,79
TH - 1950,2017,45,52,59
TH - 1951,2017,44,51,58
TH - 2011,2017,3,10,17
TH - 2015,2017,64,71,78
TH - 2022,2017,44,51,58
TH - 2083,2017,3,10,17
TH - 2092,2017,22,29,36
TH - 2162,2017,22,29,36
TH - 2226,2017,64,71,78
TH - 2228,2017,64,71,78
TH - 2238,2017,45,52,59
TH - 2239,2017,45,52,59
TH - 2374,2017,23,30,37
TH - 2506,2017,3,10,17
TH - 2577,2017,3,10,17
TH - 2585,2017,23,30,37
TH - 2651,2017,67,74,81
TH - 2656,2017,23,30,37
TH - 2719,2017,3,10,17
TH - 2722,2017,67,74,81
TH - 2795,2017,8,15,22
TH - 2866,2017,8,15,22
TH - 2871,2017,2,9,16
TH - 2872,2017,2,9,16
TH - 2874,2017,2,9,16
TH - 2936,2017,8,15,22
TH - 2940,2017,23,30,37
TH - 2942,2017,2,9,16
TH - 2943,2017,2,9,16
TH - 3073,2017,11,18,25
TH - 3076,2017,8,15,22
TH - 3092,2017,67,74,81
TH - 3154,2017,23,30,37
TH - 3157,2017,67,74,81
TH - 3160,2017,67,74,81
TH - 3304,2017,46,53,60
TH - 3369,2017,67,74,81
TH - 3372,2017,46,53,60
TH - 3444,2017,46,53,60
TH - 3445,2017,46,53,60
TH - 3518,2017,24,31,38
TH - 3591,2017,24,31,38
TH - 3659,2017,24,31,38
TH - 3662,2017,24,31,38
TH - 3663,2017,2,9,16
TH - 3737,2017,2,9,16
TH - 3803,2017,24,31,38
TH - 3806,2017,2,9,16
TH - 3879,2017,2,9,16
TH - 3947,2017,2,9,16
TH - 3949,2017,2,9,16
TH - 4022,2017,2,9,16
ADK - 0410,2018,21,28,35
ADK - 0550,2018,32,39,46
ADK - 0693,2018,17,24,31
ADK - 0775,2018,16,23,30
ADK - 0836,2018,32,39,46
ADK - 0905,2018,28,35,42
ADK - 0908,2018,51,58,65
ADK - 0910,2018,50,57,64
ADK - 0915,2018,16,23,30
ADK - 0920,2018,16,23,30
ADK - 0987,2018,16,23,30
ADK - 0992,2018,16,23,30
ADK - 1043,2018,36,43,50
ADK - 1048,2018,45,52,59
ADK - 1052,2018,46,53,60
ADK - 1054,2018,46,53,60
ADK - 1121,2018,50,57,64
ADK - 1123,2018,46,53,60
ADK - 1125,2018,46,53,60
ADK - 1196,2018,46,53,60
ADK - 1256,2018,16,23,30
ADK - 1258,2018,16,23,30
ADK - 1262,2018,16,23,30
ADK - 1266,2018,8,15,22
ADK - 1271,2018,16,23,30
ADK - 1332,2018,16,23,30
ADK - 1399,2018,16,23,30
ADK - 1400,2018,16,23,30
ADK - 1402,2018,16,23,30
ADK - 1408,2018,8,15,22
ADK - 1476,2018,57,64,71
ADK - 1483,2018,8,15,22
ADK - 1540,2018,28,35,42
ADK - 1554,2018,8,15,22
ADK - 1613,2018,28,35,42
ADK - 1617,2018,16,23,30
ADK - 1631,2018,10,17,24
ADK - 1678,2018,10,17,24
ADK - 1688,2018,16,23,30
ADK - 1694,2018,8,15,22
ADK - 1820,2018,10,17,24
ADK - 1830,2018,9,16,23
ADK - 1839,2018,10,17,24
ADK - 1902,2018,9,16,23
ADK - 1910,2018,10,17,24
ADK - 1961,2018,10,17,24
ADK - 1976,2018,9,16,23
ADK - 1981,2018,10,17,24
ADK - 2032,2018,10,17,24
ADK - 2035,2018,10,17,24
ADK - 2041,2018,23,30,37
ADK - 2049,2018,9,16,23
ADK - 2053,2018,10,17,24
ADK - 2182,2018,9,16,23
ADK - 2187,2018,2,9,16
ADK - 2265,2018,3,10,17
ADK - 2327,2018,9,16,23
ADK - 2332,2018,3,10,17
ADK - 2333,2018,3,10,17
ADK - 2336,2018,3,10,17
ADK - 2384,2018,23,30,37
ADK - 2387,2018,10,17,24
ADK - 2404,2018,3,10,17
ADK - 2452,2018,10,17,24
ADK - 2478,2018,3,10,17
ADK - 2527,2018,10,17,24
ADK - 2541,2018,2,9,16
ADK - 2542,2018,2,9,16
ADK - 2546,2018,3,10,17
ADK - 2547,2018,3,10,17
ADK - 2619,2018,54,61,68
ADK - 2621,2018,54,61,68
ADK - 2672,2018,38,45,52
ADK - 2674,2018,38,45,52
ADK - 2751,2018,16,23,30
ADK - 2753,2018,16,23,30
ADK - 2761,2018,53,60,67
ADK - 2822,2018,16,23,30
ADK - 2832,2018,52,59,66
ADK - 2888,2018,36,43,50
ADK - 2891,2018,36,43,50
ADK - 2957,2018,36,43,50
ADK - 2972,2018,3,10,17
ADK - 3032,2018,2,9,16
ADK - 3043,2018,2,9,16
ADK - 3047,2018,8,15,22
ADK - 3106,2018,36,43,50
ADK - 3111,2018,3,10,17
ADK - 3119,2018,8,15,22
ADK - 3190,2018,8,15,22
ADK - 3256,2018,8,15,22
ADK - 3321,2018,8,15,22
ADK - 3330,2018,9,16,23
ADK - 3394,2018,35,42,49
ADK - 3400,2018,8,15,22
ADK - 3603,2018,35,42,49
ADK - 3607,2018,35,42,49
TH - 0403,2018,29,36,43
TH - 0405,2018,29,36,43
TH - 0406,2018,29,36,43
TH - 0476,2018,29,36,43
TH - 0540,2018,63,70,77
TH - 0542,2018,1,8,15
TH - 0614,2018,29,36,43
TH - 0678,2018,51,58,65
TH - 0684,2018,51,58,65
TH - 0685,2018,1,8,15
TH - 0756,2018,1,8,15
TH - 0818,2018,51,58,65
TH - 0893,2018,63,70,77
TH - 0898,2018,1,8,15
TH - 0959,2018,51,58,65
TH - 0960,2018,51,58,65
TH - 0969,2018,1,8,15
TH - 1029,2018,43,50,57
TH - 1036,2018,63,70,77
TH - 1099,2018,43,50,57
TH - 1105,2018,63,70,77
TH - 1107,2018,63,70,77
TH - 1173,2018,43,50,57
TH - 1236,2018,45,52,59
TH - 1306,2018,45,52,59
TH - 1309,2018,45,52,59
TH - 1314,2018,43,50,57
TH - 1315,2018,43,50,57
TH - 1391,2018,45,52,59
TH - 1448,2018,45,52,59
TH - 1452,2018,24,31,38
TH - 1462,2018,44,51,58
TH - 1463,2018,44,51,58
TH - 1521,2018,45,52,59
TH - 1529,2018,44,51,58
TH - 1530,2018,44,51,58
TH - 1666,2018,24,31,38
TH - 1668,2018,24,31,38
TH - 1673,2018,65,72,79
TH - 1733,2018,22,29,36
TH - 1734,2018,22,29,36
TH - 1740,2018,24,31,38
TH - 1742,2018,24,31,38
TH - 1811,2018,65,72,79
TH - 1877,2018,65,72,79
TH - 1884,2018,65,72,79
TH - 1950,2018,52,59,66
TH - 1951,2018,52,59,66
TH - 2011,2018,2,9,16
TH - 2015,2018,64,71,78
TH - 2022,2018,52,59,66
TH - 2083,2018,2,9,16
TH - 2092,2018,52,59,66
TH - 2162,2018,22,29,36
TH - 2226,2018,64,71,78
TH - 2228,2018,64,71,78
TH - 2238,2018,45,52,59
TH - 2239,2018,45,52,59
TH - 2374,2018,23,30,37
TH - 2506,2018,2,9,16
TH - 2577,2018,2,9,16
TH - 2585,2018,23,30,37
TH - 2651,2018,44,51,58
TH - 2656,2018,23,30,37
TH - 2719,2018,2,9,16
TH - 2722,2018,44,51,58
TH - 2795,2018,3,10,17
TH - 2866,2018,3,10,17
TH - 2871,2018,1,8,15
TH - 2872,2018,1,8,15
TH - 2874,2018,1,8,15
TH - 2936,2018,3,10,17
TH - 2940,2018,32,39,46
TH - 2942,2018,1,8,15
TH - 2943,2018,1,8,15
TH - 3073,2018,3,10,17
TH - 3076,2018,3,10,17
TH - 3092,2018,63,70,77
TH - 3154,2018,23,30,37
TH - 3157,2018,63,70,77
TH - 3160,2018,63,70,77
TH - 3304,2018,63,70,77
TH - 3369,2018,43,50,57
TH - 3372,2018,43,50,57
TH - 3444,2018,43,50,57
TH - 3445,2018,43,50,57
TH - 3518,2018,43,50,57
TH - 3591,2018,21,28,35
TH - 3659,2018,21,28,35
TH - 3662,2018,21,28,35
TH - 3663,2018,21,28,35
TH - 3737,2018,1,8,15
TH - 3803,2018,21,28,35
TH - 3806,2018,1,8,15
TH - 3879,2018,1,8,15
TH - 3947,2018,1,8,15
TH - 3949,2018,1,8,15
TH - 4022,2018,1,8,15
182,2019,52,59,66
261,2019,2,9,16
262,2019,2,9,16
263,2019,2,9,16
265,2019,2,9,16
266,2019,2,9,16
294,2019,52,59,66
296,2019,51,58,65
297,2019,51,58,65
298,2019,51,58,65
299,2019,51,58,65
326,2019,52,59,66
327,2019,52,59,66
330,2019,51,58,65
331,2019,51,58,65
332,2019,51,58,65
335,2019,72,79,86
336,2019,72,79,86
356,2019,52,59,66
357,2019,52,59,66
358,2019,72,79,86
359,2019,72,79,86
360,2019,72,79,86
377,2019,72,79,86
390,2019,51,58,65
405,2019,8,15,22
406,2019,51,58,65
407,2019,51,58,65
421,2019,51,58,65
454,2019,8,15,22
455,2019,8,15,22
456,2019,8,15,22
467,2019,8,15,22
468,2019,8,15,22
490,2019,23,30,37
491,2019,23,30,37
496,2019,73,80,87
498,2019,73,80,87
501,2019,3,10,17
502,2019,3,10,17
503,2019,23,30,37
504,2019,23,30,37
505,2019,23,30,37
507,2019,73,80,87
508,2019,73,80,87
509,2019,73,80,87
511,2019,73,80,87
515,2019,3,10,17
516,2019,3,10,17
519,2019,73,80,87
520,2019,73,80,87
521,2019,73,80,87
522,2019,73,80,87
524,2019,72,79,86
525,2019,72,79,86
528,2019,72,79,86
529,2019,72,79,86
530,2019,64,71,78
531,2019,64,71,78
532,2019,65,72,79
536,2019,72,79,86
537,2019,72,79,86
538,2019,64,71,78
539,2019,64,71,78
540,2019,65,72,79
544,2019,44,51,58
545,2019,44,51,58
546,2019,43,50,57
555,2019,43,50,57
556,2019,43,50,57
557,2019,43,50,57
594,2019,22,29,36
595,2019,22,29,36
596,2019,22,29,36
597,2019,22,29,36
599,2019,22,29,36
600,2019,2,9,16
601,2019,2,9,16
602,2019,2,9,16
604,2019,2,9,16
605,2019,2,9,16
606,2019,73,80,87
607,2019,73,80,87
617,2019,31,38,45
618,2019,31,38,45
619,2019,31,38,45
625,2019,31,38,45
626,2019,31,38,45
635,2019,9,16,23
636,2019,8,15,22
637,2019,31,38,45
644,2019,9,16,23
645,2019,9,16,23
646,2019,9,16,23
647,2019,8,15,22
648,2019,8,15,22
655,2019,9,16,23
656,2019,8,15,22
657,2019,8,15,22
661,2019,8,15,22
100A,2019,50,57,64
100B,2019,50,57,64
111A,2019,25,32,39
111B,2019,25,32,39
112A,2019,25,32,39
112B,2019,25,32,39
113A,2019,66,73,80
113B,2019,66,73,80
114A,2019,67,74,81
114B,2019,67,74,81
132A,2019,67,74,81
132B,2019,67,74,81
134A,2019,29,36,43
134B,2019,29,36,43
137A,2019,50,57,64
137B,2019,52,59,66
138A,2019,50,57,64
138B,2019,52,59,66
146A,2019,23,30,37
146B,2019,23,30,37
147A,2019,23,30,37
147B,2019,23,30,37
154A,2019,25,32,39
154B,2019,25,32,39
155A,2019,24,31,38
155B,2019,24,31,38
156A,2019,23,30,37
156B,2019,23,30,37
157A,2019,23,30,37
157B,2019,23,30,37
15A,2019,45,52,59
15B,2019,45,52,59
161A,2019,25,32,39
161B,2019,25,32,39
162A,2019,24,31,38
162B,2019,24,31,38
163A,2019,24,31,38
163B,2019,24,31,38
164A,2019,3,10,17
164B,2019,3,10,17
165A,2019,3,10,17
165B,2019,3,10,17
166A,2019,22,29,36
166B,2019,22,29,36
167A,2019,22,29,36
167B,2019,22,29,36
16A,2019,46,53,60
16B,2019,46,53,60
171A,2019,24,31,38
171B,2019,24,31,38
172A,2019,3,10,17
172B,2019,3,10,17
173A,2019,3,10,17
173B,2019,3,10,17
177A,2019,2,9,16
177B,2019,2,9,16
178A,2019,2,9,16
178B,2019,2,9,16
1801A,2019,28,35,42
1801B,2019,28,35,42
1802A,2019,28,35,42
1802B,2019,28,35,42
1804A,2019,28,35,42
1804B,2019,28,35,42
1819A,2019,71,78,85
1819B,2019,71,78,85
1822A,2019,7,14,21
1822B,2019,8,15,22
182A,2019,22,29,36
182B,2019,22,29,36
1838A,2019,29,36,43
1838B,2019,29,36,43
183A,2019,22,29,36
183B,2019,22,29,36
1844A,2019,71,78,85
1844B,2019,71,78,85
1859A,2019,29,36,43
1859B,2019,29,36,43
185A,2019,50,57,64
185B,2019,50,57,64
1860A,2019,29,36,43
1860B,2019,29,36,43
1861A,2019,29,36,43
1861B,2019,29,36,43
186A,2019,50,57,64
186B,2019,50,57,64
187A,2019,2,9,16
187B,2019,2,9,16
188A,2019,2,9,16
188B,2019,2,9,16
189A,2019,4,11,18
189B,2019,4,11,18
190A,2019,4,11,18
190B,2019,4,11,18
194A,2019,0,7,14
194B,2019,0,7,14
195A,2019,0,7,14
195B,2019,0,7,14
196A,2019,4,11,18
196B,2019,4,11,18
197A,2019,4,11,18
197B,2019,4,11,18
19A,2019,28,35,42
19B,2019,28,35,42
2019A,2019,29,36,43
2019B,2019,29,36,43
204A,2019,0,7,14
204B,2019,0,7,14
205A,2019,0,7,14
205B,2019,0,7,14
213A,2019,23,30,37
241A,2019,64,71,78
242A,2019,64,71,78
243A,2019,65,72,79
246A,2019,64,71,78
247A,2019,64,71,78
248A,2019,64,71,78
249A,2019,44,51,58
250A,2019,43,50,57
251A,2019,43,50,57
252A,2019,43,50,57
253A,2019,43,50,57
254A,2019,43,50,57
255A,2019,22,29,36
256A,2019,22,29,36
257A,2019,23,30,37
258A,2019,22,29,36
259A,2019,23,30,37
259B,2019,23,30,37
260A,2019,23,30,37
264A,2019,2,9,16
264B,2019,2,9,16
29A,2019,28,35,42
29B,2019,28,35,42
30A,2019,28,35,42
30B,2019,28,35,42
310A,2019,44,51,58
310B,2019,44,51,58
311A,2019,44,51,58
311B,2019,44,51,58
312A,2019,45,52,59
312B,2019,45,52,59
313A,2019,44,51,58
313B,2019,44,51,58
314A,2019,44,51,58
314B,2019,44,51,58
315A,2019,45,52,59
315B,2019,45,52,59
316A,2019,45,52,59
316B,2019,45,52,59
317A,2019,46,53,60
317B,2019,46,53,60
318A,2019,64,71,78
318B,2019,64,71,78
319A,2019,65,72,79
319B,2019,65,72,79
31A,2019,71,78,85
31B,2019,71,78,85
32A,2019,46,53,60
32B,2019,46,53,60
338A,2019,64,71,78
338B,2019,64,71,78
33A,2019,64,71,78
33B,2019,64,71,78
4R44A,2019,46,53,60
4R44B,2019,46,53,60
4R45A,2019,64,71,78
4R45B,2019,64,71,78
4R95A,2019,67,74,81
4R95B,2019,67,74,81
4R96A,2019,67,74,81
4R96B,2019,67,74,81
61A,2019,65,72,79
61B,2019,65,72,79
62A,2019,65,72,79
62B,2019,65,72,79
65A,2019,7,14,21
65B,2019,7,14,21
72A,2019,71,78,85
72B,2019,71,78,85
73A,2019,71,78,85
73B,2019,71,78,85
74A,2019,71,78,85
74B,2019,71,78,85
75A,2019,42,49,56
75B,2019,42,49,56
76A,2019,42,49,56
76B,2019,42,49,56
77A,2019,65,72,79
77B,2019,65,72,79
78A,2019,66,73,80
78B,2019,66,73,80
7R109A,2019,43,50,57
7R109B,2019,43,50,57
7R110A,2019,43,50,57
7R110B,2019,44,51,58
7R123,2019,0,7,14
7R124,2019,0,7,14
7R125,2019,0,7,14
7R131A,2019,44,51,58
7R131B,2019,44,51,58
7R143A,2019,23,30,37
7R143B,2019,23,30,37
7R144A,2019,44,51,58
7R144B,2019,44,51,58
7R145A,2019,44,51,58
7R145B,2019,44,51,58
7R149,2019,0,7,14
7R151A,2019,24,31,38
7R151B,2019,24,31,38
7R152A,2019,24,31,38
7R152B,2019,24,31,38
7R153A,2019,44,51,58
7R153B,2019,44,51,58
7R159A,2019,24,31,38
7R159B,2019,24,31,38
7R160A,2019,24,31,38
7R160B,2019,24,31,38
7R174A,2019,45,52,59
7R175A,2019,45,52,59
7R179A,2019,45,52,59
7R180A,2019,25,32,39
7R180B,2019,25,32,39
7R181A,2019,25,32,39
7R181B,2019,25,32,39
7R184A,2019,45,52,59
7R185A,2019,25,32,39
7R185B,2019,25,32,39
7R186A,2019,25,32,39
7R186B,2019,25,32,39
7R198,2019,45,52,59
7R201A,2019,64,71,78
7R201B,2019,64,71,78
7R202A,2019,63,70,77
7R202B,2019,63,70,77
7R203A,2019,63,70,77
7R203B,2019,63,70,77
7R206A,2019,64,71,78
7R206B,2019,64,71,78
7R207A,2019,63,70,77
7R207B,2019,63,70,77
7R208A,2019,63,70,77
7R208B,2019,63,70,77
7R209A,2019,65,72,79
7R209B,2019,64,71,78
7R210A,2019,64,71,78
7R210B,2019,64,71,78
7R214,2019,65,72,79
7R215,2019,65,72,79
7R226,2019,65,72,79
7R228,2019,65,72,79
7R229,2019,65,72,79
7R230,2019,65,72,79
7R24A,2019,42,49,56
7R24B,2019,42,49,56
7R25A,2019,42,49,56
7R25B,2019,42,49,56
7R304A,2019,66,73,80
7R304B,2019,66,73,80
7R305A,2019,66,73,80
7R305B,2019,66,73,80
7R306A,2019,66,73,80
7R306B,2019,66,73,80
7R307A,2019,66,73,80
7R307B,2019,66,73,80
7R308A,2019,66,73,80
7R308B,2019,66,73,80
7R309A,2019,66,73,80
7R309B,2019,66,73,80
7R30A,2019,42,49,56
7R30B,2019,42,49,56
7R31A,2019,42,49,56
7R31B,2019,42,49,56
7R320A,2019,4,11,18
7R320B,2019,4,11,18
7R328A,2019,2,9,16
7R328B,2019,2,9,16
7R329A,2019,2,9,16
7R329B,2019,3,10,17
7R330A,2019,3,10,17
7R330B,2019,3,10,17
7R331A,2019,3,10,17
7R331B,2019,2,9,16
7R339A,2019,23,30,37
7R339B,2019,23,30,37
7R342,2019,0,7,14
7R343,2019,0,7,14
7R344,2019,0,7,14
7R345,2019,0,7,14
7R346,2019,0,7,14
7R347,2019,0,7,14
7R348,2019,45,52,59
7R349,2019,45,52,59
7R350,2019,45,52,59
7R351,2019,45,52,59
7R352,2019,45,52,59
7R353,2019,45,52,59
7R40A,2019,2,9,16
7R40B,2019,2,9,16
7R41A,2019,2,9,16
7R41B,2019,2,9,16
7R42A,2019,43,50,57
7R42B,2019,43,50,57
7R43A,2019,43,50,57
7R43B,2019,43,50,57
7R58A,2019,3,10,17
7R58B,2019,3,10,17
7R59A,2019,22,29,36
7R59B,2019,22,29,36
7R60A,2019,22,29,36
7R60B,2019,22,29,36
7R71A,2019,3,10,17
7R71B,2019,3,10,17
7R72A,2019,4,11,18
7R72B,2019,4,11,18
7R73A,2019,22,29,36
7R73B,2019,22,29,36
7R74A,2019,22,29,36
7R74B,2019,22,29,36
7R87A,2019,4,11,18
7R87B,2019,4,11,18
7R88A,2019,4,11,18
7R88B,2019,4,11,18
7R89A,2019,23,30,37
7R89B,2019,23,30,37
7R90A,2019,23,30,37
7R90B,2019,23,30,37
8R44A,2019,7,14,21
8R44B,2019,7,14,21
8R45A,2019,7,14,21
8R45B,2019,7,14,21
8R95A,2019,7,14,21
8R95B,2019,7,14,21
8R96A,2019,7,14,21
8R96B,2019,7,14,21
91A,2019,42,49,56
91B,2019,42,49,56
92A,2019,42,49,56
92B,2019,42,49,56
93A,2019,66,73,80
93B,2019,66,73,80
94A,2019,66,73,80
94B,2019,66,73,80
99A,2019,50,57,64
99B,2019,50,57,64
9R100A,2019,43,50,57
9R100B,2019,43,50,57
9R101A,2019,22,29,36
9R101B,2019,22,29,36
9R102A,2019,22,29,36
9R102B,2019,22,29,36
9R104A,2019,44,51,58
9R104B,2019,44,51,58
9R115A,2019,42,49,56
9R115B,2019,42,49,56
9R116A,2019,43,50,57
9R116B,2019,43,50,57
9R117A,2019,44,51,58
9R117B,2019,44,51,58
9R118A,2019,44,51,58
9R118B,2019,44,51,58
9R119A,2019,23,30,37
9R119B,2019,23,30,37
9R11A,2019,67,74,81
9R11B,2019,67,74,81
9R120A,2019,23,30,37
9R120B,2019,23,30,37
9R12A,2019,67,74,81
9R12B,2019,67,74,81
9R133A,2019,42,49,56
9R133B,2019,42,49,56
9R134A,2019,42,49,56
9R134B,2019,42,49,56
9R135A,2019,43,50,57
9R135B,2019,43,50,57
9R136A,2019,44,51,58
9R136B,2019,44,51,58
9R137A,2019,23,30,37
9R137B,2019,23,30,37
9R148A,2019,43,50,57
9R148B,2019,43,50,57
9R17A,2019,66,73,80
9R17B,2019,66,73,80
9R18A,2019,66,73,80
9R18B,2019,66,73,80
9R19A,2019,67,74,81
9R19B,2019,67,74,81
9R1A,2019,0,7,14
9R1B,2019,0,7,14
9R269A,2019,24,31,38
9R273A,2019,24,31,38
9R274A,2019,24,31,38
9R275A,2019,24,31,38
9R278A,2019,25,32,39
9R279A,2019,25,32,39
9R283A,2019,25,32,39
9R284A,2019,25,32,39
9R290A,2019,28,35,42
9R291A,2019,28,35,42
9R296A,2019,65,72,79
9R297A,2019,65,72,79
9R298A,2019,65,72,79
9R299A,2019,65,72,79
9R2A,2019,1,8,15
9R2B,2019,0,7,14
9R300A,2019,65,72,79
9R301A,2019,65,72,79
9R302A,2019,66,73,80
9R303A,2019,65,72,79
9R335A,2019,24,31,38
9R335B,2019,24,31,38
9R336A,2019,66,73,80
9R336B,2019,66,73,80
9R340A,2019,24,31,38
9R34A,2019,46,53,60
9R34B,2019,46,53,60
9R354A,2019,24,31,38
9R35A,2019,46,53,60
9R35B,2019,46,53,60
9R36A,2019,46,53,60
9R36B,2019,46,53,60
9R3A,2019,0,7,14
9R3B,2019,0,7,14
9R46A,2019,45,52,59
9R46B,2019,45,52,59
9R47A,2019,45,52,59
9R47B,2019,45,52,59
9R48A,2019,45,52,59
9R48B,2019,45,52,59
9R49A,2019,63,70,77
9R49B,2019,63,70,77
9R4A,2019,1,8,15
9R4B,2019,1,8,15
9R50A,2019,64,71,78
9R50B,2019,64,71,78
9R51A,2019,22,29,36
9R51B,2019,22,29,36
9R52A,2019,24,31,38
9R52B,2019,23,30,37
9R53A,2019,1,8,15
9R53B,2019,1,8,15
9R54A,2019,2,9,16
9R54B,2019,2,9,16
9R63A,2019,63,70,77
9R63B,2019,63,70,77
9R64A,2019,64,71,78
9R64B,2019,64,71,78
9R65A,2019,4,11,18
9R65B,2019,4,11,18
9R66A,2019,4,11,18
9R66B,2019,4,11,18
9R67A,2019,22,29,36
9R67B,2019,22,29,36
9R68A,2019,23,30,37
9R68B,2019,23,30,37
9R69A,2019,1,8,15
9R69B,2019,1,8,15
9R6A,2019,0,7,14
9R6B,2019,0,7,14
9R70A,2019,2,9,16
9R70B,2019,2,9,16
9R79A,2019,63,70,77
9R79B,2019,63,70,77
9R7A,2019,1,8,15
9R7B,2019,1,8,15
9R80A,2019,63,70,77
9R80B,2019,63,70,77
9R81A,2019,4,11,18
9R81B,2019,4,11,18
9R82A,2019,3,10,17
9R82B,2019,3,10,17
9R83A,2019,23,30,37
9R83B,2019,23,30,37
9R84A,2019,23,30,37
9R84B,2019,23,30,37
9R85A,2019,2,9,16
9R85B,2019,2,9,16
9R86A,2019,2,9,16
9R86B,2019,2,9,16
9R97A,2019,3,10,17
9R97B,2019,3,10,17
9R98A,2019,3,10,17
9R98B,2019,3,10,17
9R99A,2019,42,49,56
9R99B,2019,42,49,56
4R111A,2020,43,50,57
4R111B,2020,43,50,57
4R112A,2020,43,50,57
4R112B,2020,43,50,57
4R113A,2020,2,9,16
4R113B,2020,2,9,16
4R114A,2020,3,10,17
4R114B,2020,3,10,17
4R132A,2020,3,10,17
4R132B,2020,3,10,17
4R146A,2020,41,48,55
4R146B,2020,41,48,55
4R147A,2020,41,48,55
4R147B,2020,41,48,55
4R154A,2020,43,50,57
4R154B,2020,43,50,57
4R155A,2020,42,49,56
4R155B,2020,42,49,56
4R156A,2020,41,48,55
4R156B,2020,41,48,55
4R157A,2020,41,48,55
4R157B,2020,41,48,55
4R15A,2020,23,30,37
4R15B,2020,23,30,37
4R161A,2020,43,50,57
4R161B,2020,43,50,57
4R162A,2020,42,49,56
4R162B,2020,42,49,56
4R163A,2020,42,49,56
4R163B,2020,42,49,56
4R164A,2020,64,71,78
4R164B,2020,64,71,78
4R165A,2020,64,71,78
4R165B,2020,64,71,78
4R166A,2020,40,47,54
4R166B,2020,40,47,54
4R167A,2020,40,47,54
4R167B,2020,40,47,54
4R16A,2020,24,31,38
4R16B,2020,24,31,38
4R171A,2020,42,49,56
4R171B,2020,42,49,56
4R172A,2020,64,71,78
4R172B,2020,64,71,78
4R173A,2020,64,71,78
4R173B,2020,64,71,78
4R177A,2020,63,70,77
4R177B,2020,63,70,77
4R178A,2020,63,70,77
4R178B,2020,63,70,77
4R182A,2020,40,47,54
4R182B,2020,40,47,54
4R183A,2020,40,47,54
4R183B,2020,40,47,54
4R187A,2020,63,70,77
4R187B,2020,63,70,77
4R188A,2020,63,70,77
4R188B,2020,63,70,77
4R189A,2020,66,73,80
4R189B,2020,66,73,80
4R190A,2020,66,73,80
4R190B,2020,66,73,80
4R194A,2020,62,69,76
4R194B,2020,62,69,76
4R195A,2020,62,69,76
4R195B,2020,62,69,76
4R196A,2020,66,73,80
4R196B,2020,65,72,79
4R197A,2020,66,73,80
4R197B,2020,66,73,80
4R204A,2020,62,69,76
4R204B,2020,62,69,76
4R205A,2020,62,69,76
4R205B,2020,62,69,76
4R310A,2020,22,29,36
4R310B,2020,22,29,36
4R311A,2020,22,29,36
4R311B,2020,22,29,36
4R312A,2020,23,30,37
4R312B,2020,23,30,37
4R313A,2020,22,29,36
4R313B,2020,22,29,36
4R314A,2020,22,29,36
4R314B,2020,22,29,36
4R315A,2020,23,30,37
4R315B,2020,23,30,37
4R316A,2020,23,30,37
4R316B,2020,23,30,37
4R317A,2020,24,31,38
4R317B,2020,24,31,38
4R318A,2020,-4,3,10
4R318B,2020,-4,3,10
4R319A,2020,-3,4,11
4R319B,2020,-3,4,11
4R32A,2020,24,31,38
4R32B,2020,24,31,38
4R338A,2020,-4,3,10
4R338B,2020,-4,3,10
4R33A,2020,-4,3,10
4R33B,2020,-4,3,10
4R44A,2020,24,31,38
4R44B,2020,24,31,38
4R45A,2020,-4,3,10
4R45B,2020,-4,3,10
4R61A,2020,-3,4,11
4R61B,2020,-3,4,11
4R62A,2020,-3,4,11
4R62B,2020,-3,4,11
4R75A,2020,21,28,35
4R75B,2020,21,28,35
4R76A,2020,21,28,35
4R76B,2020,21,28,35
4R77A,2020,-3,4,11
4R77B,2020,-3,4,11
4R78A,2020,2,9,16
4R78B,2020,2,9,16
4R91A,2020,21,28,35
4R91B,2020,21,28,35
4R92A,2020,21,28,35
4R92B,2020,21,28,35
4R93A,2020,2,9,16
4R93B,2020,2,9,16
4R94A,2020,2,9,16
4R94B,2020,2,9,16
4R95A,2020,3,10,17
4R95B,2020,3,10,17
4R96A,2020,3,10,17
4R96B,2020,3,10,17
6R213A,2020,40,47,54
6R241A,2020,-4,3,10
6R242A,2020,-4,3,10
6R243A,2020,-4,3,10
6R246A,2020,-4,3,10
6R247A,2020,-4,3,10
6R248A,2020,-4,3,10
6R249-A,2020,21,28,35
6R250-A,2020,21,28,35
6R251-A,2020,21,28,35
6R252-A,2020,21,28,35
6R253-A,2020,21,28,35
6R254-A,2020,21,28,35
6R255-A,2020,41,48,55
6R256-A,2020,41,48,55
6R257-A,2020,41,48,55
6R258-A,2020,41,48,55
6R259-A,2020,41,48,55
6R259-B,2020,41,48,55
6R260-A,2020,41,48,55
6R261-A,2020,63,70,77
6R262-A,2020,63,70,77
6R263-A,2020,63,70,77
6R264-A,2020,63,70,77
6R264-B,2020,63,70,77
6R265-A,2020,63,70,77
6R266-A,2020,63,70,77
6R490,2020,40,47,54
6R491,2020,40,47,54
6R501,2020,62,69,76
6R502,2020,62,69,76
6R503,2020,40,47,54
6R504,2020,40,47,54
6R505,2020,40,47,54
6R515,2020,62,69,76
6R516,2020,62,69,76
6R530,2020,-4,3,10
6R531,2020,-4,3,10
6R532,2020,-4,3,10
6R538,2020,-4,3,10
6R539,2020,-4,3,10
6R540,2020,-14,-7,0
6R544,2020,21,28,35
6R545,2020,21,28,35
6R546,2020,21,28,35
6R555,2020,21,28,35
6R556,2020,21,28,35
6R557,2020,21,28,35
6R594,2020,41,48,55
6R595,2020,41,48,55
6R596,2020,41,48,55
6R597,2020,41,48,55
6R599,2020,41,48,55
6R600,2020,63,70,77
6R601,2020,63,70,77
6R602,2020,63,70,77
6R604,2020,63,70,77
6R605,2020,63,70,77
7R109A,2020,42,49,56
7R109B,2020,42,49,56
7R110A,2020,42,49,56
7R110B,2020,42,49,56
7R123,2020,41,48,55
7R124,2020,41,48,55
7R125,2020,41,48,55
7R131A,2020,42,49,56
7R131B,2020,42,49,56
7R143A,2020,40,47,54
7R143B,2020,40,47,54
7R144A,2020,42,49,56
7R144B,2020,42,49,56
7R145A,2020,42,49,56
7R145B,2020,42,49,56
7R149,2020,41,48,55
7R151A,2020,40,47,54
7R151B,2020,40,47,54
7R152A,2020,40,47,54
7R152B,2020,40,47,54
7R153A,2020,42,49,56
7R153B,2020,42,49,56
7R159A,2020,40,47,54
7R159B,2020,40,47,54
7R160A,2020,40,47,54
7R160B,2020,40,47,54
7R174,2020,22,29,36
7R175,2020,22,29,36
7R179,2020,22,29,36
7R180A,2020,21,28,35
7R180B,2020,21,28,35
7R181A,2020,21,28,35
7R181B,2020,21,28,35
7R184,2020,22,29,36
7R185A,2020,21,28,35
7R185B,2020,21,28,35
7R186A,2020,21,28,35
7R186B,2020,21,28,35
7R198,2020,22,29,36
7R201A,2020,24,31,38
7R201B,2020,24,31,38
7R202A,2020,24,31,38
7R202B,2020,24,31,38
7R203A,2020,24,31,38
7R203B,2020,24,31,38
7R206A,2020,23,30,37
7R206B,2020,23,30,37
7R207A,2020,23,30,37
7R207B,2020,23,30,37
7R208A,2020,24,31,38
7R208B,2020,24,31,38
7R209A,2020,23,30,37
7R209B,2020,23,30,37
7R210A,2020,23,30,37
7R210B,2020,23,30,37
7R214,2020,-4,3,10
7R215,2020,-4,3,10
7R226,2020,-4,3,10
7R228,2020,-4,3,10
7R229,2020,-4,3,10
7R230,2020,-4,3,10
7R24A,2020,64,71,78
7R24B,2020,64,71,78
7R25A,2020,64,71,78
7R25B,2020,64,71,78
7R304A,2020,-3,4,11
7R304B,2020,-3,4,11
7R305A,2020,-3,4,11
7R305B,2020,-3,4,11
7R306A,2020,-3,4,11
7R306B,2020,-3,4,11
7R307A,2020,-3,4,11
7R307B,2020,-3,4,11
7R308A,2020,-3,4,11
7R308B,2020,-3,4,11
7R309A,2020,-3,4,11
7R309B,2020,-3,4,11
7R30A,2020,64,71,78
7R30B,2020,64,71,78
7R31A,2020,64,71,78
7R31B,2020,64,71,78
7R320A,2020,63,70,77
7R320B,2020,63,70,77
7R339A,2020,40,47,54
7R339B,2020,40,47,54
7R342,2020,41,48,55
7R343,2020,41,48,55
7R344,2020,41,48,55
7R345,2020,41,48,55
7R346,2020,41,48,55
7R347,2020,41,48,55
7R348,2020,22,29,36
7R349,2020,22,29,36
7R350,2020,22,29,36
7R351,2020,22,29,36
7R352,2020,22,29,36
7R353,2020,22,29,36
7R42A,2020,64,71,78
7R42B,2020,64,71,78
7R43A,2020,64,71,78
7R43B,2020,64,71,78
7R58A,2020,63,70,77
7R58B,2020,63,70,77
7R59A,2020,62,69,76
7R59B,2020,62,69,76
7R60A,2020,62,69,76
7R60B,2020,62,69,76
7R674,2020,-4,3,10
7R675,2020,-4,3,10
7R676,2020,-4,3,10
7R677,2020,-4,3,10
7R678,2020,-4,3,10
7R681,2020,-14,-7,0
7R682,2020,-4,3,10
7R683,2020,-4,3,10
7R684,2020,-4,3,10
7R686,2020,-4,3,10
7R687,2020,-4,3,10
7R688,2020,-4,3,10
7R689,2020,-4,3,10
7R690,2020,-4,3,10
7R692,2020,-4,3,10
7R693,2020,-4,3,10
7R695,2020,-4,3,10
7R696,2020,-4,3,10
7R71A,2020,63,70,77
7R71B,2020,63,70,77
7R72A,2020,63,70,77
7R72B,2020,63,70,77
7R73A,2020,62,69,76
7R73B,2020,62,69,76
7R74A,2020,62,69,76
7R74B,2020,62,69,76
7R87A,2020,63,70,77
7R87B,2020,63,70,77
7R88A,2020,63,70,77
7R88B,2020,63,70,77
7R89A,2020,62,69,76
7R89B,2020,62,69,76
7R90A,2020,62,69,76
7R90B,2020,62,69,76
8R100A,2020,23,30,37
8R100B,2020,23,30,37
8R134A,2020,43,50,57
8R134B,2020,43,50,57
8R137A,2020,23,30,37
8R137B,2020,23,30,37
8R138A,2020,23,30,37
8R138B,2020,23,30,37
8R140A,2020,-4,3,10
8R140B,2020,-4,3,10
8R141A,2020,-4,3,10
8R141B,2020,-4,3,10
8R1801A,2020,41,48,55
8R1801B,2020,41,48,55
8R1802A,2020,41,48,55
8R1802B,2020,41,48,55
8R1804A,2020,41,48,55
8R1804B,2020,41,48,55
8R1819A,2020,21,28,35
8R1819B,2020,21,28,35
8R182,2020,42,49,56
8R1822A,2020,63,70,77
8R1822B,2020,63,70,77
8R1838A,2020,43,50,57
8R1838B,2020,43,50,57
8R1844A,2020,21,28,35
8R1844B,2020,21,28,35
8R1848A,2020,-4,3,10
8R1848B,2020,-4,3,10
8R1849A,2020,-4,3,10
8R1849B,2020,-4,3,10
8R1851A,2020,-4,3,10
8R1851B,2020,-4,3,10
8R1856A,2020,-4,3,10
8R1856B,2020,-4,3,10
8R1859A,2020,43,50,57
8R1859B,2020,43,50,57
8R185A,2020,23,30,37
8R185B,2020,23,30,37
8R1860A,2020,43,50,57
8R1860B,2020,43,50,57
8R1861A,2020,43,50,57
8R1861B,2020,43,50,57
8R186A,2020,23,30,37
8R186B,2020,23,30,37
8R19A,2020,41,48,55
8R19B,2020,41,48,55
8R2019A,2020,43,50,57
8R2019B,2020,43,50,57
8R294,2020,42,49,56
8R296,2020,22,29,36
8R297,2020,42,49,56
8R298,2020,42,49,56
8R299,2020,42,49,56
8R29A,2020,41,48,55
8R29B,2020,41,48,55
8R30A,2020,41,48,55
8R30B,2020,41,48,55
8R31A,2020,21,28,35
8R31B,2020,21,28,35
8R326,2020,42,49,56
8R327,2020,42,49,56
8R330,2020,42,49,56
8R331,2020,42,49,56
8R332,2020,42,49,56
8R335,2020,22,29,36
8R336,2020,22,29,36
8R356,2020,42,49,56
8R357,2020,42,49,56
8R358,2020,22,29,36
8R359,2020,22,29,36
8R360,2020,22,29,36
8R377,2020,22,29,36
8R390,2020,22,29,36
8R405,2020,65,72,79
8R406,2020,22,29,36
8R407,2020,22,29,36
8R421,2020,22,29,36
8R44A,2020,63,70,77
8R44B,2020,63,70,77
8R454,2020,65,72,79
8R455,2020,65,72,79
8R456,2020,65,72,79
8R45A,2020,63,70,77
8R45B,2020,63,70,77
8R467,2020,65,72,79
8R468,2020,65,72,79
8R496,2020,-3,4,11
8R498,2020,2,9,16
8R507,2020,-3,4,11
8R508,2020,-3,4,11
8R509,2020,-3,4,11
8R511,2020,2,9,16
8R519,2020,-3,4,11
8R520,2020,-3,4,11
8R521,2020,2,9,16
8R522,2020,2,9,16
8R524,2020,2,9,16
8R525,2020,2,9,16
8R528,2020,2,9,16
8R529,2020,2,9,16
8R536,2020,2,9,16
8R537,2020,2,9,16
8R606,2020,2,9,16
8R607,2020,2,9,16
8R617,2020,-3,4,11
8R618,2020,-3,4,11
8R619,2020,-3,4,11
8R625,2020,-3,4,11
8R626,2020,-13,-6,1
8R635,2020,65,72,79
8R636,2020,64,71,78
8R637,2020,-3,4,11
8R644,2020,65,72,79
8R645,2020,65,72,79
8R646,2020,65,72,79
8R647,2020,64,71,78
8R648,2020,64,71,78
8R655,2020,65,72,79
8R656,2020,64,71,78
8R657,2020,64,71,78
8R65A,2020,63,70,77
8R65B,2020,63,70,77
8R661,2020,64,71,78
8R72A,2020,21,28,35
8R72B,2020,21,28,35
8R73A,2020,21,28,35
8R73B,2020,21,28,35
8R74A,2020,21,28,35
8R74B,2020,21,28,35
8R95A,2020,63,70,77
8R95B,2020,63,70,77
8R96A,2020,63,70,77
8R96B,2020,63,70,77
8R99A,2020,23,30,37
8R99B,2020,23,30,37
9R100A,2020,23,30,37
9R100B,2020,23,30,37
9R101A,2020,44,51,58
9R101B,2020,44,51,58
9R102A,2020,44,51,58
9R102B,2020,44,51,58
9R104A,2020,24,31,38
9R104B,2020,24,31,38
9R115A,2020,23,30,37
9R115B,2020,23,30,37
9R116A,2020,23,30,37
9R116B,2020,23,30,37
9R117A,2020,23,30,37
9R117B,2020,23,30,37
9R118A,2020,23,30,37
9R118B,2020,23,30,37
9R119A,2020,43,50,57
9R119B,2020,43,50,57
9R11A,2020,-4,3,10
9R11B,2020,-4,3,10
9R120A,2020,44,51,58
9R120B,2020,44,51,58
9R12A,2020,-4,3,10
9R12B,2020,-4,3,10
9R133A,2020,23,30,37
9R133B,2020,23,30,37
9R134A,2020,23,30,37
9R134B,2020,23,30,37
9R135A,2020,24,31,38
9R135B,2020,24,31,38
9R136A,2020,24,31,38
9R136B,2020,24,31,38
9R137A,2020,43,50,57
9R137B,2020,43,50,57
9R148A,2020,24,31,38
9R148B,2020,24,31,38
9R17A,2020,-4,3,10
9R17B,2020,-4,3,10
9R18A,2020,-4,3,10
9R18B,2020,-4,3,10
9R19A,2020,-4,3,10
9R19B,2020,-4,3,10
9R1A,2020,64,71,78
9R1B,2020,64,71,78
9R269A,2020,40,47,54
9R273A,2020,40,47,54
9R274A,2020,40,47,54
9R275A,2020,40,47,54
9R278A,2020,41,48,55
9R279A,2020,41,48,55
9R283A,2020,41,48,55
9R284A,2020,41,48,55
9R290A,2020,41,48,55
9R291A,2020,41,48,55
9R296A,2020,3,10,17
9R297A,2020,3,10,17
9R298A,2020,3,10,17
9R299A,2020,3,10,17
9R2A,2020,65,72,79
9R2B,2020,65,72,79
9R300A,2020,3,10,17
9R301A,2020,3,10,17
9R302A,2020,3,10,17
9R303A,2020,3,10,17
9R335A,2020,44,51,58
9R335B,2020,44,51,58
9R336A,2020,-4,3,10
9R336B,2020,-4,3,10
9R340A,2020,40,47,54
9R34A,2020,22,29,36
9R34B,2020,22,29,36
9R354A,2020,40,47,54
9R35A,2020,22,29,36
9R35B,2020,22,29,36
9R36A,2020,22,29,36
9R36B,2020,22,29,36
9R3A,2020,64,71,78
9R3B,2020,64,71,78
9R46A,2020,21,28,35
9R46B,2020,21,28,35
9R47A,2020,21,28,35
9R47B,2020,21,28,35
9R48A,2020,21,28,35
9R48B,2020,21,28,35
9R49A,2020,-3,4,11
9R49B,2020,-3,4,11
9R4A,2020,65,72,79
9R4B,2020,65,72,79
9R50A,2020,2,9,16
9R50B,2020,2,9,16
9R51A,2020,42,49,56
9R51B,2020,42,49,56
9R52A,2020,43,50,57
9R52B,2020,43,50,57
9R53A,2020,65,72,79
9R53B,2020,65,72,79
9R54A,2020,66,73,80
9R54B,2020,66,73,80
9R63A,2020,-3,4,11
9R63B,2020,-3,4,11
9R64A,2020,2,9,16
9R64B,2020,2,9,16
9R65A,2020,63,70,77
9R65B,2020,63,70,77
9R66A,2020,63,70,77
9R66B,2020,63,70,77
9R67A,2020,42,49,56
9R67B,2020,42,49,56
9R68A,2020,43,50,57
9R68B,2020,43,50,57
9R69A,2020,65,72,79
9R69B,2020,65,72,79
9R6A,2020,65,72,79
9R6B,2020,64,71,78
9R70A,2020,66,73,80
9R70B,2020,66,73,80
9R79A,2020,-3,4,11
9R79B,2020,-3,4,11
9R7A,2020,64,71,78
9R7B,2020,64,71,78
9R80A,2020,2,9,16
9R80B,2020,2,9,16
9R81A,2020,62,69,76
9R81B,2020,62,69,76
9R82A,2020,63,70,77
9R82B,2020,63,70,77
9R83A,2020,42,49,56
9R83B,2020,42,49,56
9R84A,2020,42,49,56
9R84B,2020,42,49,56
9R85A,2020,66,73,80
9R85B,2020,66,73,80
9R86A,2020,66,73,80
9R86B,2020,66,73,80
9R97A,2020,62,69,76
9R97B,2020,62,69,76
9R98A,2020,62,69,76
9R98B,2020,62,69,76
9R99A,2020,23,30,37
9R99B,2020,23,30,37
4R111A,2021,28,35,42
4R111B,2021,28,35,42
4R112A,2021,28,35,42
4R112B,2021,28,35,42
4R113A,2021,70,77,84
4R113B,2021,70,77,84
4R114A,2021,71,78,85
4R114B,2021,71,78,85
4R132A,2021,71,78,85
4R132B,2021,71,78,85
4R146A,2021,26,33,40
4R146B,2021,26,33,40
4R147A,2021,26,33,40
4R147B,2021,26,33,40
4R154A,2021,28,35,42
4R154B,2021,28,35,42
4R155A,2021,27,34,41
4R155B,2021,27,34,41
4R156A,2021,26,33,40
4R156B,2021,26,33,40
4R157A,2021,26,33,40
4R157B,2021,26,33,40
4R15A,2021,48,55,62
4R15B,2021,48,55,62
4R161A,2021,28,35,42
4R161B,2021,28,35,42
4R162A,2021,27,34,41
4R162B,2021,27,34,41
4R163A,2021,27,34,41
4R163B,2021,27,34,41
4R164A,2021,6,13,20
4R164B,2021,6,13,20
4R165A,2021,6,13,20
4R165B,2021,6,13,20
4R166A,2021,25,32,39
4R166B,2021,25,32,39
4R167A,2021,25,32,39
4R167B,2021,25,32,39
4R16A,2021,49,56,63
4R16B,2021,49,56,63
4R171A,2021,27,34,41
4R171B,2021,27,34,41
4R172A,2021,6,13,20
4R172B,2021,6,13,20
4R173A,2021,6,13,20
4R173B,2021,6,13,20
4R177A,2021,5,12,19
4R177B,2021,5,12,19
4R178A,2021,5,12,19
4R178B,2021,5,12,19
4R182A,2021,25,32,39
4R182B,2021,25,32,39
4R183A,2021,25,32,39
4R183B,2021,25,32,39
4R187A,2021,5,12,19
4R187B,2021,5,12,19
4R188A,2021,5,12,19
4R188B,2021,5,12,19
4R189A,2021,7,14,21
4R189B,2021,7,14,21
4R190A,2021,7,14,21
4R190B,2021,7,14,21
4R194A,2021,4,11,18
4R194B,2021,4,11,18
4R195A,2021,4,11,18
4R195B,2021,4,11,18
4R196A,2021,7,14,21
4R196B,2021,7,14,21
4R197A,2021,7,14,21
4R197B,2021,7,14,21
4R204A,2021,4,11,18
4R204B,2021,4,11,18
4R205A,2021,4,11,18
4R205B,2021,4,11,18
4R310A,2021,47,54,61
4R310B,2021,47,54,61
4R311A,2021,47,54,61
4R311B,2021,47,54,61
4R312A,2021,48,55,62
4R312B,2021,48,55,62
4R313A,2021,47,54,61
4R313B,2021,47,54,61
4R314A,2021,47,54,61
4R314B,2021,47,54,61
4R315A,2021,48,55,62
4R315B,2021,48,55,62
4R316A,2021,48,55,62
4R316B,2021,48,55,62
4R317A,2021,49,56,63
4R317B,2021,49,56,63
4R318A,2021,68,75,82
4R318B,2021,68,75,82
4R319A,2021,69,76,83
4R319B,2021,69,76,83
4R32A,2021,49,56,63
4R32B,2021,49,56,63
4R338A,2021,68,75,82
4R338B,2021,68,75,82
4R33A,2021,68,75,82
4R33B,2021,68,75,82
4R44A,2021,49,56,63
4R44B,2021,49,56,63
4R45A,2021,68,75,82
4R45B,2021,68,75,82
4R61A,2021,69,76,83
4R61B,2021,69,76,83
4R62A,2021,69,76,83
4R62B,2021,69,76,83
4R75A,2021,46,53,60
4R75B,2021,46,53,60
4R76A,2021,46,53,60
4R76B,2021,46,53,60
4R77A,2021,69,76,83
4R77B,2021,69,76,83
4R78A,2021,70,77,84
4R78B,2021,70,77,84
4R91A,2021,46,53,60
4R91B,2021,46,53,60
4R92A,2021,46,53,60
4R92B,2021,46,53,60
4R93A,2021,70,77,84
4R93B,2021,70,77,84
4R94A,2021,70,77,84
4R94B,2021,70,77,84
4R95A,2021,71,78,85
4R95B,2021,71,78,85
4R96A,2021,71,78,85
4R96B,2021,71,78,85
6R213A,2021,25,32,39
6R241A,2021,68,75,82
6R242A,2021,68,75,82
6R243A,2021,68,75,82
6R246A,2021,68,75,82
6R247A,2021,68,75,82
6R248A,2021,68,75,82
6R249A,2021,46,53,60
6R250A,2021,46,53,60
6R251A,2021,46,53,60
6R252A,2021,46,53,60
6R253A,2021,46,53,60
6R254A,2021,46,53,60
6R255A,2021,26,33,40
6R256A,2021,26,33,40
6R257A,2021,26,33,40
6R258A,2021,26,33,40
6R259A,2021,26,33,40
6R259B,2021,26,33,40
6R260A,2021,26,33,40
6R261A,2021,5,12,19
6R262A,2021,5,12,19
6R263A,2021,5,12,19
6R264A,2021,5,12,19
6R264B,2021,5,12,19
6R265A,2021,5,12,19
6R266A,2021,5,12,19
6R490,2021,25,32,39
6R491,2021,25,32,39
6R501,2021,4,11,18
6R502,2021,4,11,18
6R503,2021,25,32,39
6R504,2021,25,32,39
6R505,2021,25,32,39
6R515,2021,4,11,18
6R516,2021,4,11,18
6R530,2021,68,75,82
6R531,2021,68,75,82
6R532,2021,68,75,82
6R538,2021,68,75,82
6R539,2021,68,75,82
6R540,2021,68,75,82
6R544,2021,46,53,60
6R545,2021,46,53,60
6R546,2021,46,53,60
6R555,2021,46,53,60
6R556,2021,46,53,60
6R557,2021,46,53,60
6R594,2021,26,33,40
6R595,2021,26,33,40
6R596,2021,26,33,40
6R597,2021,26,33,40
6R599,2021,26,33,40
6R600,2021,5,12,19
6R601,2021,5,12,19
6R602,2021,5,12,19
6R604,2021,5,12,19
6R605,2021,5,12,19
7R109A,2021,28,35,42
7R109B,2021,29,36,43
7R110A,2021,28,35,42
7R110B,2021,28,35,42
7R123,2021,26,33,40
7R124,2021,26,33,40
7R125,2021,26,33,40
7R131A,2021,28,35,42
7R131B,2021,28,35,42
7R143A,2021,27,34,41
7R143B,2021,27,34,41
7R144A,2021,28,35,42
7R144B,2021,28,35,42
7R145A,2021,28,35,42
7R145B,2021,28,35,42
7R149,2021,26,33,40
7R151A,2021,27,34,41
7R151B,2021,27,34,41
7R152A,2021,27,34,41
7R152B,2021,27,34,41
7R153A,2021,28,35,42
7R153B,2021,28,35,42
7R159A,2021,27,34,41
7R159B,2021,27,34,41
7R160A,2021,27,34,41
7R160B,2021,27,34,41
7R174,2021,47,54,61
7R175,2021,47,54,61
7R179,2021,47,54,61
7R180A,2021,47,54,61
7R180B,2021,47,54,61
7R181A,2021,47,54,61
7R181B,2021,47,54,61
7R184,2021,47,54,61
7R185A,2021,47,54,61
7R185B,2021,47,54,61
7R186A,2021,47,54,61
7R186B,2021,47,54,61
7R198,2021,47,54,61
7R201A,2021,48,55,62
7R201B,2021,48,55,62
7R202A,2021,48,55,62
7R202B,2021,48,55,62
7R203A,2021,48,55,62
7R203B,2021,48,55,62
7R206A,2021,48,55,62
7R206B,2021,48,55,62
7R207A,2021,48,55,62
7R207B,2021,48,55,62
7R208A,2021,48,55,62
7R208B,2021,48,55,62
7R209A,2021,48,55,62
7R209B,2021,48,55,62
7R210A,2021,48,55,62
7R210B,2021,48,55,62
7R214,2021,70,77,84
7R215,2021,70,77,84
7R226,2021,70,77,84
7R228,2021,70,77,84
7R229,2021,70,77,84
7R230,2021,70,77,84
7R24A,2021,6,13,20
7R24B,2021,6,13,20
7R25A,2021,6,13,20
7R25B,2021,6,13,20
7R304A,2021,71,78,85
7R304B,2021,71,78,85
7R305A,2021,71,78,85
7R305B,2021,71,78,85
7R306A,2021,71,78,85
7R306B,2021,71,78,85
7R307A,2021,71,78,85
7R307B,2021,71,78,85
7R308A,2021,71,78,85
7R308B,2021,71,78,85
7R309A,2021,71,78,85
7R309B,2021,71,78,85
7R30A,2021,6,13,20
7R30B,2021,6,13,20
7R31A,2021,6,13,20
7R31B,2021,6,13,20
7R320A,2021,4,11,18
7R320B,2021,4,11,18
7R339A,2021,27,34,41
7R339B,2021,27,34,41
7R342,2021,26,33,40
7R343,2021,26,33,40
7R344,2021,26,33,40
7R345,2021,26,33,40
7R346,2021,26,33,40
7R347,2021,26,33,40
7R348,2021,47,54,61
7R349,2021,47,54,61
7R350,2021,47,54,61
7R351,2021,47,54,61
7R352,2021,47,54,61
7R353,2021,47,54,61
7R42A,2021,6,13,20
7R42B,2021,6,13,20
7R43A,2021,6,13,20
7R43B,2021,6,13,20
7R58A,2021,4,11,18
7R58B,2021,4,11,18
7R59A,2021,5,12,19
7R59B,2021,5,12,19
7R60A,2021,5,12,19
7R60B,2021,5,12,19
7R674,2021,69,76,83
7R675,2021,69,76,83
7R676,2021,69,76,83
7R677,2021,69,76,83
7R678,2021,69,76,83
7R681,2021,68,75,82
7R682,2021,68,75,82
7R683,2021,68,75,82
7R684,2021,68,75,82
7R686,2021,69,76,83
7R687,2021,69,76,83
7R688,2021,68,75,82
7R689,2021,70,77,84
7R690,2021,70,77,84
7R692,2021,69,76,83
7R693,2021,69,76,83
7R695,2021,70,77,84
7R696,2021,70,77,84
7R71A,2021,4,11,18
7R71B,2021,4,11,18
7R72A,2021,4,11,18
7R72B,2021,4,11,18
7R73A,2021,5,12,19
7R73B,2021,6,13,20
7R74A,2021,5,12,19
7R74B,2021,5,12,19
7R87A,2021,4,11,18
7R87B,2021,4,11,18
7R88A,2021,4,11,18
7R88B,2021,4,11,18
7R89A,2021,5,12,19
7R89B,2021,5,12,19
7R90A,2021,5,12,19
7R90B,2021,5,12,19
8R100A,2021,41,48,55
8R100B,2021,41,48,55
8R134A,2021,21,28,35
8R134B,2021,21,28,35
8R137A,2021,41,48,55
8R137B,2021,41,48,55
8R138A,2021,41,48,55
8R138B,2021,41,48,55
8R140A,2021,62,69,76
8R140B,2021,62,69,76
8R141A,2021,62,69,76
8R141B,2021,62,69,76
8R1801A,2021,19,26,33
8R1801B,2021,19,26,33
8R1802A,2021,19,26,33
8R1802B,2021,19,26,33
8R1804A,2021,19,26,33
8R1804B,2021,19,26,33
8R1819A,2021,39,46,53
8R1819B,2021,39,46,53
8R182,2021,20,27,34
8R1822A,2021,-5,2,9
8R1822B,2021,-5,2,9
8R1838A,2021,21,28,35
8R1838B,2021,21,28,35
8R1844A,2021,39,46,53
8R1844B,2021,39,46,53
8R1848A,2021,62,69,76
8R1848B,2021,62,69,76
8R1849A,2021,62,69,76
8R1849B,2021,62,69,76
8R1851A,2021,62,69,76
8R1851B,2021,62,69,76
8R1856A,2021,62,69,76
8R1856B,2021,62,69,76
8R1859A,2021,21,28,35
8R1859B,2021,21,28,35
8R185A,2021,41,48,55
8R185B,2021,41,48,55
8R1860A,2021,21,28,35
8R1860B,2021,21,28,35
8R1861A,2021,21,28,35
8R1861B,2021,21,28,35
8R186A,2021,41,48,55
8R186B,2021,41,48,55
8R19A,2021,19,26,33
8R19B,2021,19,26,33
8R2019A,2021,21,28,35
8R2019B,2021,21,28,35
8R294,2021,20,27,34
8R296,2021,40,47,54
8R297,2021,20,27,34
8R298,2021,20,27,34
8R299,2021,20,27,34
8R29A,2021,19,26,33
8R29B,2021,19,26,33
8R30A,2021,19,26,33
8R30B,2021,19,26,33
8R31A,2021,39,46,53
8R31B,2021,39,46,53
8R326,2021,20,27,34
8R327,2021,20,27,34
8R330,2021,20,27,34
8R331,2021,20,27,34
8R332,2021,20,27,34
8R335,2021,40,47,54
8R336,2021,40,47,54
8R356,2021,20,27,34
8R357,2021,20,27,34
8R358,2021,40,47,54
8R359,2021,40,47,54
8R360,2021,40,47,54
8R377,2021,40,47,54
8R390,2021,40,47,54
8R405,2021,-3,4,11
8R406,2021,40,47,54
8R407,2021,40,47,54
8R421,2021,40,47,54
8R44A,2021,-5,2,9
8R44B,2021,-5,2,9
8R454,2021,-3,4,11
8R455,2021,-3,4,11
8R456,2021,-3,4,11
8R45A,2021,-5,2,9
8R45B,2021,-5,2,9
8R467,2021,-3,4,11
8R468,2021,-3,4,11
8R496,2021,63,70,77
8R498,2021,63,70,77
8R507,2021,63,70,77
8R508,2021,63,70,77
8R509,2021,63,70,77
8R511,2021,63,70,77
8R519,2021,63,70,77
8R520,2021,63,70,77
8R521,2021,63,70,77
8R522,2021,63,70,77
8R524,2021,64,71,78
8R525,2021,64,71,78
8R528,2021,64,71,78
8R529,2021,64,71,78
8R536,2021,64,71,78
8R537,2021,64,71,78
8R606,2021,63,70,77
8R607,2021,63,70,77
8R617,2021,65,72,79
8R618,2021,65,72,79
8R619,2021,65,72,79
8R625,2021,65,72,79
8R626,2021,65,72,79
8R635,2021,-4,3,10
8R636,2021,-4,3,10
8R637,2021,65,72,79
8R644,2021,-4,3,10
8R645,2021,-4,3,10
8R646,2021,-4,3,10
8R647,2021,-4,3,10
8R648,2021,-4,3,10
8R655,2021,-4,3,10
8R656,2021,-4,3,10
8R657,2021,-4,3,10
8R65A,2021,-5,2,9
8R65B,2021,-5,2,9
8R661,2021,-4,3,10
8R72A,2021,39,46,53
8R72B,2021,39,46,53
8R73A,2021,39,46,53
8R73B,2021,39,46,53
8R74A,2021,39,46,53
8R74B,2021,39,46,53
8R95A,2021,-5,2,9
8R95B,2021,-5,2,9
8R96A,2021,-5,2,9
8R96B,2021,-5,2,9
8R99A,2021,41,48,55
8R99B,2021,41,48,55
9R100A,2021,46,53,60
9R100B,2021,46,53,60
9R101A,2021,27,34,41
9R101B,2021,27,34,41
9R102A,2021,27,34,41
9R102B,2021,27,34,41
9R104A,2021,49,56,63
9R104B,2021,47,54,61
9R115A,2021,46,53,60
9R115B,2021,46,53,60
9R116A,2021,46,53,60
9R116B,2021,46,53,60
9R117A,2021,52,59,66
9R117B,2021,49,56,63
9R118A,2021,47,54,61
9R118B,2021,47,54,61
9R119A,2021,26,33,40
9R119B,2021,26,33,40
9R11A,2021,72,79,86
9R11B,2021,72,79,86
9R120A,2021,27,34,41
9R120B,2021,27,34,41
9R12A,2021,72,79,86
9R12B,2021,72,79,86
9R133A,2021,46,53,60
9R133B,2021,46,53,60
9R134A,2021,46,53,60
9R134B,2021,46,53,60
9R135A,2021,47,54,61
9R135B,2021,49,56,63
9R136A,2021,47,54,61
9R136B,2021,49,56,63
9R137A,2021,26,33,40
9R137B,2021,26,33,40
9R148A,2021,47,54,61
9R148B,2021,47,54,61
9R17A,2021,71,78,85
9R17B,2021,71,78,85
9R18A,2021,71,78,85
9R18B,2021,71,78,85
9R19A,2021,72,79,86
9R19B,2021,72,79,86
9R1A,2021,4,11,18
9R1B,2021,4,11,18
9R269A,2021,28,35,42
9R273A,2021,28,35,42
9R274A,2021,28,35,42
9R275A,2021,28,35,42
9R278A,2021,29,36,43
9R279A,2021,29,36,43
9R283A,2021,29,36,43
9R284A,2021,29,36,43
9R290A,2021,29,36,43
9R291A,2021,29,36,43
9R296A,2021,70,77,84
9R297A,2021,70,77,84
9R298A,2021,70,77,84
9R299A,2021,70,77,84
9R2A,2021,4,11,18
9R2B,2021,4,11,18
9R300A,2021,70,77,84
9R301A,2021,70,77,84
9R302A,2021,70,77,84
9R303A,2021,70,77,84
9R335A,2021,27,34,41
9R335B,2021,27,34,41
9R336A,2021,71,78,85
9R336B,2021,71,78,85
9R340A,2021,28,35,42
9R34A,2021,49,56,63
9R34B,2021,49,56,63
9R354A,2021,28,35,42
9R35A,2021,49,56,63
9R35B,2021,49,56,63
9R36A,2021,49,56,63
9R36B,2021,49,56,63
9R3A,2021,4,11,18
9R3B,2021,4,11,18
9R46A,2021,48,55,62
9R46B,2021,48,55,62
9R47A,2021,48,55,62
9R47B,2021,48,55,62
9R48A,2021,48,55,62
9R48B,2021,48,55,62
9R49A,2021,68,75,82
9R49B,2021,68,75,82
9R4A,2021,4,11,18
9R4B,2021,4,11,18
9R50A,2021,69,76,83
9R50B,2021,69,76,83
9R51A,2021,25,32,39
9R51B,2021,25,32,39
9R52A,2021,26,33,40
9R52B,2021,26,33,40
9R53A,2021,5,12,19
9R53B,2021,5,12,19
9R54A,2021,5,12,19
9R54B,2021,5,12,19
9R63A,2021,68,75,82
9R63B,2021,68,75,82
9R64A,2021,69,76,83
9R64B,2021,69,76,83
9R65A,2021,7,14,21
9R65B,2021,7,14,21
9R66A,2021,7,14,21
9R66B,2021,7,14,21
9R67A,2021,25,32,39
9R67B,2021,25,32,39
9R68A,2021,26,33,40
9R68B,2021,26,33,40
9R69A,2021,5,12,19
9R69B,2021,5,12,19
9R6A,2021,4,11,18
9R6B,2021,4,11,18
9R70A,2021,5,12,19
9R70B,2021,5,12,19
9R79A,2021,68,75,82
9R79B,2021,68,75,82
9R7A,2021,4,11,18
9R7B,2021,4,11,18
9R80A,2021,68,75,82
9R80B,2021,68,75,82
9R81A,2021,7,14,21
9R81B,2021,7,14,21
9R82A,2021,7,14,21
9R82B,2021,7,14,21
9R83A,2021,25,32,39
9R83B,2021,25,32,39
9R84A,2021,25,32,39
9R84B,2021,25,32,39
9R85A,2021,5,12,19
9R85B,2021,5,12,19
9R86A,2021,5,12,19
9R86B,2021,5,12,19
9R97A,2021,7,14,21
9R97B,2021,7,14,21
9R98A,2021,7,14,21
9R98B,2021,7,14,21
9R99A,2021,46,53,60
9R99B,2021,46,53,60
