Station,year,utm_x,utm_y,startdate,1stofyear,date1,date2,date3,date4,date5
3A1,2016,526306,4655430,6/1/2016,1/1/2016,152,166,180,194,208
3A2,2016,530055,4653839,6/1/2016,1/1/2016,152,166,180,194,208
3A3,2016,533509,4653328,6/1/2016,1/1/2016,152,166,180,194,208
3A4,2016,534416,4652202,6/1/2016,1/1/2016,152,166,180,194,208
3A5,2016,531192,4651184,6/1/2016,1/1/2016,152,166,180,194,208
3A6,2016,523571,4651105,6/1/2016,1/1/2016,152,166,180,194,208
3A7,2016,524532,4643677,6/2/2016,1/1/2016,153,167,181,195,209
3A8,2016,530248,4644569,6/2/2016,1/1/2016,153,167,181,195,209
3A9,2016,535313,4648096,6/2/2016,1/1/2016,153,167,181,195,209
3B1,2016,548596,4637130,6/3/2016,1/1/2016,154,168,182,196,210
3B2,2016,545748,4640319,6/2/2016,1/1/2016,153,167,181,195,209
3B3,2016,540750,4642216,6/1/2016,1/1/2016,152,166,180,194,208
3B4,2016,545756,4646589,6/2/2016,1/1/2016,153,167,181,195,209
3B5,2016,549718,4641515,6/2/2016,1/1/2016,153,167,181,195,209
3B6,2016,552511,4638677,6/3/2016,1/1/2016,154,168,182,196,210
3B7,2016,555686,4642960,6/2/2016,1/1/2016,153,167,181,195,209
3B8,2016,543105,4648865,6/2/2016,1/1/2016,153,167,181,195,209
3B9,2016,548696,4633810,6/3/2016,1/1/2016,154,168,182,196,210
3C1,2016,522456,4602456,6/8/2016,1/1/2016,159,173,187,201,215
3C2,2016,526644,4600421,6/8/2016,1/1/2016,159,173,187,201,215
3C3,2016,521156,4588541,6/8/2016,1/1/2016,159,173,187,201,215
3C4,2016,510187,4595105,6/8/2016,1/1/2016,159,173,187,201,215
3C5,2016,529291,4596490,6/8/2016,1/1/2016,159,173,187,201,215
3C6,2016,519977,4596541,6/8/2016,1/1/2016,159,173,187,201,215
3C7,2016,517639,4603018,6/8/2016,1/1/2016,159,173,187,201,215
3C8,2016,519845,4592144,6/8/2016,1/1/2016,159,173,187,201,215
3C9,2016,515791,4600516,6/8/2016,1/1/2016,159,173,187,201,215
3D1,2016,549453,4610685,6/9/2016,1/1/2016,160,174,188,202,216
3D2,2016,546005,4595293,6/9/2016,1/1/2016,160,174,188,202,216
3D3,2016,553642,4605576,6/9/2016,1/1/2016,160,174,188,202,216
3D4,2016,540905,4598375,6/9/2016,1/1/2016,160,174,188,202,216
3D5,2016,550124,4600944,6/9/2016,1/1/2016,160,174,188,202,216
3D6,2016,553139,4600533,6/9/2016,1/1/2016,160,174,188,202,216
3D7,2016,552335,4593863,6/9/2016,1/1/2016,160,174,188,202,216
3D8,2016,557969,4607251,6/9/2016,1/1/2016,160,174,188,202,216
3D9,2016,546030,4603884,6/9/2016,1/1/2016,160,174,188,202,216
4A1,2016,496009,4719618,6/9/2016,1/1/2016,160,174,188,202,216
4A2,2016,497110,4723005,6/9/2016,1/1/2016,160,174,188,202,216
4A3,2016,500194,4717961,6/9/2016,1/1/2016,160,174,188,202,216
4A4,2016,497296,4712995,6/10/2016,1/1/2016,161,175,189,203,217
4A5,2016,505190,4711408,6/10/2016,1/1/2016,161,175,189,203,217
4A6,2016,491693,4717333,6/9/2016,1/1/2016,160,174,188,202,216
4A7,2016,491463,4714079,6/9/2016,1/1/2016,160,174,188,202,216
4A8,2016,490991,4722654,6/9/2016,1/1/2016,160,174,188,202,216
4A9,2016,493863,4720897,6/9/2016,1/1/2016,160,174,188,202,216
4B1,2016,509588.747,4710101.013,6/10/2016,1/1/2016,161,175,189,203,217
4B2,2016,520024.479,4649804.497,6/10/2016,1/1/2016,161,175,189,203,217
4B3,2016,523418.199,4717273.778,6/10/2016,1/1/2016,161,175,189,203,217
4B4,2016,517479.585,4713011.186,6/10/2016,1/1/2016,161,175,189,203,217
4B5,2016,511409.503,4716867.227,6/10/2016,1/1/2016,161,175,189,203,217
4B6,2016,512032.174,4705440.045,6/13/2016,1/1/2016,164,178,192,206,220
4B7,2016,525318.902,4712503.43,6/10/2016,1/1/2016,161,175,189,203,217
4B8,2016,529888.072,4649839.209,6/13/2016,1/1/2016,164,178,192,206,220
4B9,2016,513885.075,4699204.236,6/13/2016,1/1/2016,164,178,192,206,220
4C1,2016,505604,4649876,6/3/2016,1/1/2016,154,168,182,196,210
4C2,2016,513052,4651576,6/5/2016,1/1/2016,156,170,184,198,212
4C3,2016,518070,4655458,6/6/2016,1/1/2016,157,171,185,199,213
4C4,2016,505538,4653309,6/6/2016,1/1/2016,157,171,185,199,213
4C5,2016,510237,4652789,6/3/2016,1/1/2016,154,168,182,196,210
4C6,2016,515429,4654428,6/6/2016,1/1/2016,157,171,185,199,213
4C7,2016,504318,4655325,6/6/2016,1/1/2016,157,171,185,199,213
4C8,2016,511546,4663139,6/3/2016,1/1/2016,154,168,182,196,210
4C9,2016,506815,4656167,6/6/2016,1/1/2016,157,171,185,199,213
4D1,2016,466183,4668721,6/2/2016,1/1/2016,153,167,181,195,209
4D2,2016,469325,4669693,6/2/2016,1/1/2016,153,167,181,195,209
4D3,2016,461087,4672536,6/2/2016,1/1/2016,153,167,181,195,209
4D4,2016,468775,4663636,6/2/2016,1/1/2016,153,167,181,195,209
4D5,2016,470676,4671885,6/2/2016,1/1/2016,153,167,181,195,209
4D6,2016,468424,4672416,6/2/2016,1/1/2016,153,167,181,195,209
4D7,2016,467561,4673346,6/2/2016,1/1/2016,153,167,181,195,209
4D8,2016,471541,4673945,6/2/2016,1/1/2016,153,167,181,195,209
4D9,2016,463687,4675267,6/2/2016,1/1/2016,153,167,181,195,209
7A1,2016,421017.7,4717184.952,5/31/2016,1/1/2016,151,165,179,193,207
7A2,2016,428224.619,4708240.253,5/31/2016,1/1/2016,151,165,179,193,207
7A3,2016,425494.575,4714111.457,5/31/2016,1/1/2016,151,165,179,193,207
7A4,2016,418357.218,4711331.937,5/31/2016,1/1/2016,151,165,179,193,207
7A5,2016,432236.503,4708656.467,5/31/2016,1/1/2016,151,165,179,193,207
7A6,2016,416304.1,4714377.101,5/31/2016,1/1/2016,151,165,179,193,207
7A7,2016,424297.405,4717831.404,5/31/2016,1/1/2016,151,165,179,193,207
7A8,2016,428206.658,4717313.45,5/31/2016,1/1/2016,151,165,179,193,207
7A9,2016,422936.107,4709359.569,5/31/2016,1/1/2016,151,165,179,193,207
7B1,2016,430016.711,4699201.375,6/1/2016,1/1/2016,152,166,180,194,208
7B2,2016,430517.864,4697489.54,6/1/2016,1/1/2016,152,166,180,194,208
7B3,2016,424368.506,4693427.862,6/1/2016,1/1/2016,152,166,180,194,208
7B4,2016,427651.018,4693226.565,6/1/2016,1/1/2016,152,166,180,194,208
7B5,2016,430229.431,4694638.454,6/1/2016,1/1/2016,152,166,180,194,208
7B6,2016,424760.982,4696086.628,6/1/2016,1/1/2016,152,166,180,194,208
7B7,2016,420295.661,4695489.798,6/1/2016,1/1/2016,152,166,180,194,208
7B8,2016,422065.872,4697184.483,6/1/2016,1/1/2016,152,166,180,194,208
7B9,2016,425489.653,4699287.087,6/1/2016,1/1/2016,152,166,180,194,208
7C1,2016,363846.636,4693634.35,6/8/2016,1/1/2016,159,173,187,201,215
7C2,2016,364122.013,4691062.996,6/8/2016,1/1/2016,159,173,187,201,215
7C3,2016,366966.47,4690618.475,6/8/2016,1/1/2016,159,173,187,201,215
7C4,2016,370650.78,4681952.099,6/8/2016,1/1/2016,159,173,187,201,215
7C5,2016,366756.49,4687157.888,6/8/2016,1/1/2016,159,173,187,201,215
7C6,2016,361911.864,4684800.065,6/8/2016,1/1/2016,159,173,187,201,215
7C7,2016,360823.271,4686828.854,6/7/2016,1/1/2016,158,172,186,200,214
7C8,2016,371300.677,4687160.73,6/8/2016,1/1/2016,159,173,187,201,215
7C9,2016,359176.104,4693175.832,6/8/2016,1/1/2016,159,173,187,201,215
7Cat1,2016,361432.8,4692785,6/9/2016,1/1/2016,160,174,188,202,216
7Cat2,2016,363011.9,4689298,6/9/2016,1/1/2016,160,174,188,202,216
7Cat3,2016,360096,4690359,6/9/2016,1/1/2016,160,174,188,202,216
7Cat4,2016,364730.6,4685840,6/9/2016,1/1/2016,160,174,188,202,216
7Cat5,2016,442797.032,4682988.669,6/10/2016,1/1/2016,161,175,189,203,217
7Cat6,2016,443268.746,4679529.868,6/10/2016,1/1/2016,161,175,189,203,217
7Cat8,2016,445625.819,4677369.467,6/10/2016,1/1/2016,161,175,189,203,217
7D1,2016,440192.979,4678892.231,6/9/2016,1/1/2016,160,174,188,202,216
7D2,2016,447498.488,4686908.787,6/9/2016,1/1/2016,160,174,188,202,216
7D3,2016,448861.839,4677942.136,6/9/2016,1/1/2016,160,174,188,202,216
7D4,2016,451821.437,4680183.106,6/9/2016,1/1/2016,160,174,188,202,216
7D5,2016,446422.19,4681800.115,6/9/2016,1/1/2016,160,174,188,202,216
7D6,2016,444372.661,4681304.151,6/9/2016,1/1/2016,160,174,188,202,216
7D7,2016,443771.543,4684287.099,6/9/2016,1/1/2016,160,174,188,202,216
7D8,2016,451086.754,4682565.557,6/9/2016,1/1/2016,160,174,188,202,216
7D9,2016,445653.417,4678665.77,6/9/2016,1/1/2016,160,174,188,202,216
8A1,2016,328499.365,4682040.883,5/31/2016,1/1/2016,151,165,179,193,207
8A2,2016,328956.718,4680524.228,5/31/2016,1/1/2016,151,165,179,193,207
8A3,2016,333328.311,4682356.787,5/31/2016,1/1/2016,151,165,179,193,207
8A4,2016,326490.976,4686150.171,5/31/2016,1/1/2016,151,165,179,193,207
8A5,2016,331187.165,4684278.962,5/31/2016,1/1/2016,151,165,179,193,207
8A6,2016,333103.238,4684688.65,5/31/2016,1/1/2016,151,165,179,193,207
8A7,2016,335530.877,4678248.536,5/31/2016,1/1/2016,151,165,179,193,207
8A8,2016,328354.445,4689265.352,5/31/2016,1/1/2016,151,165,179,193,207
8A9,2016,335437.687,4683043.631,5/31/2016,1/1/2016,151,165,179,193,207
8B1,2016,340577.35,4683152.764,6/2/2016,1/1/2016,153,167,181,195,209
8B2,2016,351486.793,4675307.208,6/2/2016,1/1/2016,153,167,181,195,209
8B3,2016,346560.539,4678242.429,6/2/2016,1/1/2016,153,167,181,195,209
8B4,2016,347276.393,4685305.641,6/2/2016,1/1/2016,153,167,181,195,209
8B5,2016,342783.786,4678790.262,6/2/2016,1/1/2016,153,167,181,195,209
8B6,2016,346882.873,4681971.434,6/2/2016,1/1/2016,153,167,181,195,209
8B7,2016,340016.958,4679845.91,6/2/2016,1/1/2016,153,167,181,195,209
8B8,2016,344513.886,4674494.674,6/2/2016,1/1/2016,153,167,181,195,209
8B9,2016,350867.171,4679186.203,6/2/2016,1/1/2016,153,167,181,195,209
8C1,2016,296687.477,4704314.391,6/9/2016,1/1/2016,160,174,188,202,216
8C2,2016,289851.379,4706143.178,6/9/2016,1/1/2016,160,174,188,202,216
8C3,2016,288744.473,4709361.107,6/9/2016,1/1/2016,160,174,188,202,216
8C4,2016,291998.359,4703510.172,6/9/2016,1/1/2016,160,174,188,202,216
8C5,2016,292868.322,4706169.56,6/9/2016,1/1/2016,160,174,188,202,216
8C6,2016,297167.475,4709155.077,6/9/2016,1/1/2016,160,174,188,202,216
8C7,2016,288952.023,4702605.788,6/9/2016,1/1/2016,160,174,188,202,216
8C8,2016,285425.385,4701961.967,6/9/2016,1/1/2016,160,174,188,202,216
8C9,2016,293071.31,4708366.442,6/9/2016,1/1/2016,160,174,188,202,216
8D1,2016,305259.87,4685851.982,6/7/2016,1/1/2016,158,172,186,200,214
8D2,2016,303520.552,4677817.992,6/7/2016,1/1/2016,158,172,186,200,214
8D3,2016,289900.853,4682384.118,6/7/2016,1/1/2016,158,172,186,200,214
8D4,2016,297751.032,4682917.119,6/7/2016,1/1/2016,158,172,186,200,214
8D5,2016,302405.948,4681209.823,6/7/2016,1/1/2016,158,172,186,200,214
8D6,2016,293289.893,4686566.902,6/7/2016,1/1/2016,158,172,186,200,214
8D7,2016,292732.341,4683555.86,6/7/2016,1/1/2016,158,172,186,200,214
8D8,2016,296947.097,4686025.497,6/7/2016,1/1/2016,158,172,186,200,214
8D9,2016,301686.138,4686352.203,6/7/2016,1/1/2016,158,172,186,200,214
9A1,2016,236656.285,4713170.941,6/1/2016,1/1/2016,152,166,180,194,208
9A2,2016,238801.637,4704326.718,6/1/2016,1/1/2016,152,166,180,194,208
9A3,2016,239646.486,4714359.518,6/1/2016,1/1/2016,152,166,180,194,208
9A4,2016,236462.413,4704302.394,6/1/2016,1/1/2016,152,166,180,194,208
9A5,2016,239342.219,4709924.754,6/1/2016,1/1/2016,152,166,180,194,208
9A6,2016,234020.954,4707127.635,6/1/2016,1/1/2016,152,166,180,194,208
9A7,2016,235469.371,4710837.098,6/1/2016,1/1/2016,152,166,180,194,208
9A8,2016,236891.939,4707629.197,6/1/2016,1/1/2016,152,166,180,194,208
9A9,2016,231430.415,4709578.174,6/1/2016,1/1/2016,152,166,180,194,208
9B1,2016,267924.927,4704935.619,6/1/2016,1/1/2016,152,166,180,194,208
9B2,2016,262555.169,4695267.145,6/1/2016,1/1/2016,152,166,180,194,208
9B3,2016,271726.225,4698214.538,6/1/2016,1/1/2016,152,166,180,194,208
9B4,2016,267069.605,4695773.47,6/1/2016,1/1/2016,152,166,180,194,208
9B5,2016,262003.618,4697638.421,6/1/2016,1/1/2016,152,166,180,194,208
9B6,2016,256213.493,4693529.597,6/1/2016,1/1/2016,152,166,180,194,208
9B7,2016,258033.119,4701612.825,6/1/2016,1/1/2016,152,166,180,194,208
9B8,2016,261900.722,4701315.276,6/1/2016,1/1/2016,152,166,180,194,208
9B9,2016,267001.081,4699872.461,6/1/2016,1/1/2016,152,166,180,194,208
9C1,2016,188230.949,4690611.62,6/7/2016,1/1/2016,158,172,186,200,214
9C2,2016,189839.024,4694616.275,6/7/2016,1/1/2016,158,172,186,200,214
9C3,2016,193162.26,4679899.054,6/7/2016,1/1/2016,158,172,186,200,214
9C4,2016,187461.545,4681808.218,6/7/2016,1/1/2016,158,172,186,200,214
9C5,2016,194459.167,4682350.498,6/7/2016,1/1/2016,158,172,186,200,214
9C6,2016,199374.42,4682711.403,6/7/2016,1/1/2016,158,172,186,200,214
9C7,2016,194010.949,4685346.405,6/7/2016,1/1/2016,158,172,186,200,214
9C8,2016,188354.166,4688273.768,6/7/2016,1/1/2016,158,172,186,200,214
9C9,2016,187141.762,4686786.554,6/7/2016,1/1/2016,158,172,186,200,214
9Cat1,2016,264701.7,4698489,6/2/2016,1/1/2016,153,167,181,195,209
9Cat2,2016,260268,4699350.332,6/2/2016,1/1/2016,153,167,181,195,209
9Cat3,2016,257511.2,4695091,6/2/2016,1/1/2016,153,167,181,195,209
9Cat4,2016,265252.9,4695136,6/2/2016,1/1/2016,153,167,181,195,209
9Cat5,2016,196328.424,4683308.083,6/2/2016,1/1/2016,153,167,181,195,209
9Cat6,2016,191733.2,4681207,6/2/2016,1/1/2016,153,167,181,195,209
9Cat7,2016,192100.5,4684869,6/2/2016,1/1/2016,153,167,181,195,209
9D1,2016,174776.598,4694629.042,6/8/2016,1/1/2016,159,173,187,201,215
9D2,2016,169446.977,4701650.844,6/8/2016,1/1/2016,159,173,187,201,215
9D3,2016,161890.266,4694029.768,6/8/2016,1/1/2016,159,173,187,201,215
9D4,2016,175291.853,4698344.781,6/8/2016,1/1/2016,159,173,187,201,215
9D5,2016,166172.195,4693488.082,6/8/2016,1/1/2016,159,173,187,201,215
9D6,2016,165245.864,4698951.18,6/8/2016,1/1/2016,159,173,187,201,215
9D7,2016,170014.502,4698084.373,6/8/2016,1/1/2016,159,173,187,201,215
9D8,2016,165555.404,4701347.476,6/8/2016,1/1/2016,159,173,187,201,215
9D9,2016,161040.763,4697484.016,6/8/2016,1/1/2016,159,173,187,201,215
3A1,2017,526306.09,4655429.865,6/15/2017,1/1/2017,165,179,193,207,221
3A11,2017,526065,4646831,6/29/2017,1/1/2017,179,193,207,221,235
3A13,2017,526088,4644918,6/29/2017,1/1/2017,179,193,207,221,235
3A2,2017,530054.962,4653839.267,6/16/2017,1/1/2017,166,180,194,208,222
3A3,2017,533509.007,4653328.474,6/16/2017,1/1/2017,166,180,194,208,222
3A4,2017,534415.941,4652202.513,6/16/2017,1/1/2017,166,180,194,208,222
3A5,2017,531192.358,4651183.865,6/15/2017,1/1/2017,165,179,193,207,221
3A6,2017,523570.589,4651104.459,6/15/2017,1/1/2017,165,179,193,207,221
3A7,2017,524531.933,4643676.489,6/15/2017,1/1/2017,165,179,193,207,221
3A8,2017,530247.6,4644568.998,6/15/2017,1/1/2017,165,179,193,207,221
3A9,2017,535313.157,4648096.524,6/15/2017,1/1/2017,165,179,193,207,221
3B1,2017,548596.405,4637129.466,6/14/2017,1/1/2017,164,178,192,206,220
3B10,2017,552740,4637022,6/16/2017,1/1/2017,166,180,194,208,222
3B11,2017,550140,4638349,6/15/2017,1/1/2017,165,179,193,207,221
3B12,2017,547591,4640922,6/15/2017,1/1/2017,165,179,193,207,221
3B13,2017,546816,4647215,6/15/2017,1/1/2017,165,179,193,207,221
3B2,2017,545748.239,4640319.422,6/14/2017,1/1/2017,164,178,192,206,220
3B3,2017,540749.778,4642216.535,6/14/2017,1/1/2017,164,178,192,206,220
3B4,2017,545755.948,4646589.499,6/14/2017,1/1/2017,164,178,192,206,220
3B5,2017,549718.224,4641515.246,6/14/2017,1/1/2017,164,178,192,206,220
3B6,2017,552511.218,4638677.312,6/14/2017,1/1/2017,164,178,192,206,220
3B7,2017,555686.372,4642959.637,6/14/2017,1/1/2017,164,178,192,206,220
3B8,2017,543104.689,4648864.627,6/14/2017,1/1/2017,164,178,192,206,220
3B9,2017,548696.253,4633810.287,6/14/2017,1/1/2017,164,178,192,206,220
3C1,2017,523032,4598902,6/20/2017,1/1/2017,170,184,198,212,226
3C10,2017,516938,4597663,6/8/2017,1/1/2017,158,172,186,200,214
3C11,2017,517918,4600722,6/8/2017,1/1/2017,158,172,186,200,214
3C13,2017,522888,4595940,6/8/2017,1/1/2017,158,172,186,200,214
3C15,2017,523672,4593435,6/8/2017,1/1/2017,158,172,186,200,214
3C2,2017,526706,4600420,6/8/2017,1/1/2017,158,172,186,200,214
3C3,2017,521156,4588541,6/8/2017,1/1/2017,158,172,186,200,214
3C4,2017,510182,4595117,6/8/2017,1/1/2017,158,172,186,200,214
3C5,2017,529307,4596510,6/8/2017,1/1/2017,158,172,186,200,214
3C6,2017,519980,4596543,6/8/2017,1/1/2017,158,172,186,200,214
3C7,2017,517642,4603025,6/8/2017,1/1/2017,158,172,186,200,214
3C8,2017,519891,4592161,6/8/2017,1/1/2017,158,172,186,200,214
3C9,2017,515810,4600498,6/7/2017,1/1/2017,157,171,185,199,213
3D1,2017,549454,4610704,6/9/2017,1/1/2017,159,173,187,201,215
3D10,2017,544840,4599130,6/8/2017,1/1/2017,158,172,186,200,214
3D2,2017,545921,4595084,6/9/2017,1/1/2017,159,173,187,201,215
3D3,2017,553682,4605616,6/9/2017,1/1/2017,159,173,187,201,215
3D4,2017,540877,4598371,6/9/2017,1/1/2017,159,173,187,201,215
3D5,2017,550132,4600988,6/9/2017,1/1/2017,159,173,187,201,215
3D6,2017,554909,4600839,6/13/2017,1/1/2017,163,177,191,205,219
3D7,2017,552426,4593736,6/9/2017,1/1/2017,159,173,187,201,215
3D8,2017,546658,4607267,7/17/2017,1/1/2017,197,211,225,239,253
3D9,2017,545999,4603874,6/9/2017,1/1/2017,159,173,187,201,215
4A1,2017,495817.652,4718790.111,6/7/2017,1/1/2017,157,171,185,199,213
4A10,2017,499159,4716645,6/7/2017,1/1/2017,157,171,185,199,213
4A12,2017,490876,4721118,6/7/2017,1/1/2017,157,171,185,199,213
4A13,2017,498746,4715460,6/8/2017,1/1/2017,158,172,186,200,214
4A14,2017,494597,4716111,6/7/2017,1/1/2017,157,171,185,199,213
4A2,2017,497121.643,4722937.952,6/7/2017,1/1/2017,157,171,185,199,213
4A3,2017,500215,4717928,6/7/2017,1/1/2017,157,171,185,199,213
4A4,2017,497296,4712995,6/7/2017,1/1/2017,157,171,185,199,213
4A5,2017,505190,4711408,6/7/2017,1/1/2017,157,171,185,199,213
4A6,2017,491638.366,4717250.42,6/7/2017,1/1/2017,157,171,185,199,213
4A7,2017,491495.854,4714073.722,6/7/2017,1/1/2017,157,171,185,199,213
4A8,2017,490991,4722654,6/7/2017,1/1/2017,157,171,185,199,213
4A9,2017,492947.447,4720922.428,6/7/2017,1/1/2017,157,171,185,199,213
4B1,2017,509564,4710090,6/8/2017,1/1/2017,158,172,186,200,214
4B10,2017,514661,4708994,6/7/2017,1/1/2017,157,171,185,199,213
4B11,2017,520447,4712181,6/7/2017,1/1/2017,157,171,185,199,213
4B2,2017,519815,4707959,6/8/2017,1/1/2017,158,172,186,200,214
4B3,2017,523369,4717109,6/8/2017,1/1/2017,158,172,186,200,214
4B4,2017,518603,4712323,6/8/2017,1/1/2017,158,172,186,200,214
4B5,2017,511424,4716863,6/8/2017,1/1/2017,158,172,186,200,214
4B6,2017,512028,4705442,6/8/2017,1/1/2017,158,172,186,200,214
4B7,2017,525358,4712580,6/8/2017,1/1/2017,158,172,186,200,214
4B8,2017,529888.072,4649839.209,6/8/2017,1/1/2017,158,172,186,200,214
4B9,2017,513891,4699218,6/8/2017,1/1/2017,158,172,186,200,214
4C1,2017,505626,4649850,6/15/2017,1/1/2017,165,179,193,207,221
4C10,2017,508005,4654290,6/14/2017,1/1/2017,164,178,192,206,220
4C11,2017,512275,4656493,6/14/2017,1/1/2017,164,178,192,206,220
4C13,2017,513525,4651757,6/15/2017,1/1/2017,165,179,193,207,221
4C14,2017,512298,4653836,6/14/2017,1/1/2017,164,178,192,206,220
4C2,2017,513085,4651582,6/15/2017,1/1/2017,165,179,193,207,221
4C3,2017,518072,4655495,6/15/2017,1/1/2017,165,179,193,207,221
4C4,2017,505540,4653282,6/15/2017,1/1/2017,165,179,193,207,221
4C5,2017,510237,4652789,6/15/2017,1/1/2017,165,179,193,207,221
4C6,2017,515407,4654438,6/15/2017,1/1/2017,165,179,193,207,221
4C7,2017,504344,4655346,6/15/2017,1/1/2017,165,179,193,207,221
4C8,2017,521226,4658928,6/15/2017,1/1/2017,165,179,193,207,221
4C9,2017,507124,4655586,6/15/2017,1/1/2017,165,179,193,207,221
4D1,2017,466183,4668721,6/14/2017,1/1/2017,164,178,192,206,220
4D10,2017,463301,4671603,6/14/2017,1/1/2017,164,178,192,206,220
4D11,2017,463504,4668978,6/14/2017,1/1/2017,164,178,192,206,220
4D12,2017,467420,4670299,6/14/2017,1/1/2017,164,178,192,206,220
4D13,2017,468574,4667142,6/14/2017,1/1/2017,164,178,192,206,220
4D2,2017,469325,4669693,6/14/2017,1/1/2017,164,178,192,206,220
4D3,2017,461087,4672536,6/14/2017,1/1/2017,164,178,192,206,220
4D4,2017,468775,4663636,6/14/2017,1/1/2017,164,178,192,206,220
4D5,2017,470676,4671885,6/14/2017,1/1/2017,164,178,192,206,220
4D6,2017,468424,4672416,6/14/2017,1/1/2017,164,178,192,206,220
4D7,2017,471388.196,4667834.527,6/14/2017,1/1/2017,164,178,192,206,220
4D8,2017,471541,4673945,6/14/2017,1/1/2017,164,178,192,206,220
4D9,2017,463687,4675267,6/14/2017,1/1/2017,164,178,192,206,220
7A1,2017,421009.687,4717201.701,6/8/2017,1/1/2017,158,172,186,200,214
7A10,2017,428235.137,4712603.391,6/9/2017,1/1/2017,159,173,187,201,215
7A11,2017,418551.214,4716182.839,6/9/2017,1/1/2017,159,173,187,201,215
7A12,2017,420800.39,4713739.137,6/9/2017,1/1/2017,159,173,187,201,215
7A13,2017,423823.418,4711558.665,6/9/2017,1/1/2017,159,173,187,201,215
7A2,2017,428244.675,4708273.361,6/8/2017,1/1/2017,158,172,186,200,214
7A3,2017,425471.31,4714085.053,6/8/2017,1/1/2017,158,172,186,200,214
7A4,2017,418331.714,4711327.794,6/8/2017,1/1/2017,158,172,186,200,214
7A5,2017,432235.736,4708662.027,6/8/2017,1/1/2017,158,172,186,200,214
7A6,2017,416348.841,4714275.5,6/8/2017,1/1/2017,158,172,186,200,214
7A7,2017,424328.78,4717849.941,6/8/2017,1/1/2017,158,172,186,200,214
7A8,2017,428230.205,4717289.885,6/8/2017,1/1/2017,158,172,186,200,214
7A9,2017,422896.626,4709354.454,6/8/2017,1/1/2017,158,172,186,200,214
7B1,2017,430015.833,4699195.831,6/7/2017,1/1/2017,157,171,185,199,213
7B10,2017,425747,4690945,6/9/2017,1/1/2017,159,173,187,201,215
7B11,2017,428356,4695846,6/9/2017,1/1/2017,159,173,187,201,215
7B12,2017,426907,4694825,6/9/2017,1/1/2017,159,173,187,201,215
7B13,2017,422362,4694893,6/9/2017,1/1/2017,159,173,187,201,215
7B2,2017,430516.909,4697476.224,6/7/2017,1/1/2017,157,171,185,199,213
7B3,2017,424341.926,4693405.939,6/7/2017,1/1/2017,157,171,185,199,213
7B4,2017,427648.675,4693238.805,6/7/2017,1/1/2017,157,171,185,199,213
7B5,2017,430212.537,4694677.489,6/7/2017,1/1/2017,157,171,185,199,213
7B6,2017,424771.666,4696085.402,6/7/2017,1/1/2017,157,171,185,199,213
7B7,2017,420282.596,4695498.832,6/7/2017,1/1/2017,157,171,185,199,213
7B8,2017,422039.497,4697180.335,6/7/2017,1/1/2017,157,171,185,199,213
7B9,2017,425495.493,4699294.798,6/7/2017,1/1/2017,157,171,185,199,213
7C1,2017,363853.071,4693626.449,6/16/2017,1/1/2017,166,180,194,208,222
7C2,2017,364124.786,4691078.494,6/16/2017,1/1/2017,166,180,194,208,222
7C3,2017,366966.47,4690618.475,6/16/2017,1/1/2017,166,180,194,208,222
7C4,2017,370650.78,4681952.099,6/16/2017,1/1/2017,166,180,194,208,222
7C5,2017,366756.49,4687157.888,6/16/2017,1/1/2017,166,180,194,208,222
7C6,2017,361911.864,4684800.065,6/16/2017,1/1/2017,166,180,194,208,222
7C7,2017,360823.271,4686828.854,6/16/2017,1/1/2017,166,180,194,208,222
7C8,2017,371300.677,4687160.73,6/16/2017,1/1/2017,166,180,194,208,222
7C9,2017,359181.8,4693172.385,6/16/2017,1/1/2017,166,180,194,208,222
7Cat1,2017,361438,4692788,6/17/2017,1/1/2017,167,181,195,209,223
7Cat2,2017,360020,4690409,6/17/2017,1/1/2017,167,181,195,209,223
7Cat3,2017,363024,4689286,6/17/2017,1/1/2017,167,181,195,209,223
7Cat4,2017,364625,4685844,7/3/2017,1/1/2017,183,197,211,225,239
7Cat5,2017,442763,4683029,6/17/2017,1/1/2017,167,181,195,209,223
7Cat6,2017,443269,4679494,6/17/2017,1/1/2017,167,181,195,209,223
7Cat8,2017,445620,4677940,6/17/2017,1/1/2017,167,181,195,209,223
7D1,2017,440183.006,4678883.433,6/15/2017,1/1/2017,165,179,193,207,221
7D2,2017,447493.453,4686896.61,6/15/2017,1/1/2017,165,179,193,207,221
7D3,2017,448866.748,4677936.548,6/15/2017,1/1/2017,165,179,193,207,221
7D4,2017,451810.716,4680183.179,6/15/2017,1/1/2017,165,179,193,207,221
7D5,2017,446411.438,4681795.755,6/15/2017,1/1/2017,165,179,193,207,221
7D6,2017,444374.442,4681320.794,6/15/2017,1/1/2017,165,179,193,207,221
7D7,2017,443774.051,4684291.52,6/15/2017,1/1/2017,165,179,193,207,221
7D8,2017,451050.374,4682550.265,6/15/2017,1/1/2017,165,179,193,207,221
7D9,2017,445665.926,4678683.44,6/15/2017,1/1/2017,165,179,193,207,221
8A1,2017,328540,4682057,6/14/2017,1/1/2017,164,178,192,206,220
8A10,2017,328574,4686654,6/13/2017,1/1/2017,163,177,191,205,219
8A11,2017,328437,4681619,6/13/2017,1/1/2017,163,177,191,205,219
8A12,2017,332566,4684432,6/13/2017,1/1/2017,163,177,191,205,219
8A13,2017,335265,4681721,6/13/2017,1/1/2017,163,177,191,205,219
8A2,2017,328983,4680479,6/14/2017,1/1/2017,164,178,192,206,220
8A3,2017,333339,4682325,6/14/2017,1/1/2017,164,178,192,206,220
8A4,2017,326454,4686155,6/14/2017,1/1/2017,164,178,192,206,220
8A5,2017,331195,4684301,6/14/2017,1/1/2017,164,178,192,206,220
8A6,2017,333101,4684689,6/14/2017,1/1/2017,164,178,192,206,220
8A7,2017,335503,4678251,6/14/2017,1/1/2017,164,178,192,206,220
8A8,2017,328440,4688614,6/14/2017,1/1/2017,164,178,192,206,220
8A9,2017,335422,4683022,6/14/2017,1/1/2017,164,178,192,206,220
8B1,2017,340575,4683144,6/14/2017,1/1/2017,164,178,192,206,220
8B11,2017,341849,4677014,6/13/2017,1/1/2017,163,177,191,205,219
8B13,2017,349388,4678523,7/4/2017,1/1/2017,184,198,212,226,240
8B2,2017,351472,4675313,6/15/2017,1/1/2017,165,179,193,207,221
8B3,2017,346536,4678227,6/15/2017,1/1/2017,165,179,193,207,221
8B4,2017,347290,4685295,6/15/2017,1/1/2017,165,179,193,207,221
8B5,2017,342724,4678764,6/15/2017,1/1/2017,165,179,193,207,221
8B6,2017,346897,4681993,6/15/2017,1/1/2017,165,179,193,207,221
8B7,2017,340052,4679915,6/15/2017,1/1/2017,165,179,193,207,221
8B8,2017,344497,4674455,6/15/2017,1/1/2017,165,179,193,207,221
8B9,2017,350818,4679160,6/15/2017,1/1/2017,165,179,193,207,221
8C1,2017,296636,4704239,6/7/2017,1/1/2017,157,171,185,199,213
8C10,2017,297661,4705743,6/6/2017,1/1/2017,156,170,184,198,212
8C11,2017,291147,4706510,6/6/2017,1/1/2017,156,170,184,198,212
8C2,2017,289841,4706147,6/7/2017,1/1/2017,157,171,185,199,213
8C3,2017,288741,4709390,6/7/2017,1/1/2017,157,171,185,199,213
8C4,2017,292001,4703506,6/7/2017,1/1/2017,157,171,185,199,213
8C5,2017,292844,4706162,6/7/2017,1/1/2017,157,171,185,199,213
8C6,2017,297166,4709167,6/7/2017,1/1/2017,157,171,185,199,213
8C7,2017,288951,4702629,6/7/2017,1/1/2017,157,171,185,199,213
8C8,2017,285423,4701952,6/6/2017,1/1/2017,156,170,184,198,212
8C9,2017,293106,4709985,6/7/2017,1/1/2017,157,171,185,199,213
8D1,2017,305237,4685863,6/8/2017,1/1/2017,158,172,186,200,214
8D10,2017,301136,4679839,6/6/2017,1/1/2017,156,170,184,198,212
8D11,2017,294707,4683073,6/6/2017,1/1/2017,156,170,184,198,212
8D12,2017,301296,4682678,6/6/2017,1/1/2017,156,170,184,198,212
8D2,2017,303558,4677806,6/8/2017,1/1/2017,158,172,186,200,214
8D3,2017,289896,4682332,6/7/2017,1/1/2017,157,171,185,199,213
8D4,2017,297792,4683048,6/7/2017,1/1/2017,157,171,185,199,213
8D5,2017,302366,4681374,6/7/2017,1/1/2017,157,171,185,199,213
8D6,2017,293295,4686569,6/7/2017,1/1/2017,157,171,185,199,213
8D7,2017,292700,4683635,6/7/2017,1/1/2017,157,171,185,199,213
8D8,2017,296917,4686009,6/7/2017,1/1/2017,157,171,185,199,213
8D9,2017,301699,4686377,6/7/2017,1/1/2017,157,171,185,199,213
9A1,2017,236656,4713171,6/5/2017,1/1/2017,155,169,183,197,211
9A10,2017,234412.664,4705739.19,6/5/2017,1/1/2017,155,169,183,197,211
9A11,2017,235308.291,4708504.381,6/5/2017,1/1/2017,155,169,183,197,211
9A2,2017,238801,4704327,6/5/2017,1/1/2017,155,169,183,197,211
9A3,2017,239646,4714360,6/5/2017,1/1/2017,155,169,183,197,211
9A4,2017,236448,4704330,6/5/2017,1/1/2017,155,169,183,197,211
9A5,2017,239342,4709925,6/5/2017,1/1/2017,155,169,183,197,211
9A6,2017,234067,4707287,6/5/2017,1/1/2017,155,169,183,197,211
9A7,2017,235578,4711029,6/5/2017,1/1/2017,155,169,183,197,211
9A8,2017,236891,4707629,6/5/2017,1/1/2017,155,169,183,197,211
9A9,2017,231430,4709578,6/5/2017,1/1/2017,155,169,183,197,211
9B1,2017,267842,4704988,6/6/2017,1/1/2017,156,170,184,198,212
9B2,2017,260873,4693309,6/6/2017,1/1/2017,156,170,184,198,212
9B3,2017,271741,4698231,6/6/2017,1/1/2017,156,170,184,198,212
9B4,2017,267028,4695854,6/6/2017,1/1/2017,156,170,184,198,212
9B5,2017,262026,4697668,6/6/2017,1/1/2017,156,170,184,198,212
9B6,2017,256342,4693538,6/6/2017,1/1/2017,156,170,184,198,212
9B7,2017,258033,4701612,6/6/2017,1/1/2017,156,170,184,198,212
9B8,2017,261743,4701240,6/6/2017,1/1/2017,156,170,184,198,212
9B9,2017,267139,4699852,6/6/2017,1/1/2017,156,170,184,198,212
9C1,2017,188230,4690612,6/12/2017,1/1/2017,162,176,190,204,218
9C2,2017,189839,4694616,6/12/2017,1/1/2017,162,176,190,204,218
9C3,2017,193162,4679899,6/12/2017,1/1/2017,162,176,190,204,218
9C4,2017,187461,4681808,6/12/2017,1/1/2017,162,176,190,204,218
9C5,2017,194458,4682314,6/12/2017,1/1/2017,162,176,190,204,218
9C6,2017,199374,4682711,6/12/2017,1/1/2017,162,176,190,204,218
9C7,2017,194223,4685435,6/12/2017,1/1/2017,162,176,190,204,218
9C8,2017,188401,4688207,6/12/2017,1/1/2017,162,176,190,204,218
9C9,2017,187141,4686786,6/12/2017,1/1/2017,162,176,190,204,218
9Cat1,2017,264676,4698440,6/5/2017,1/1/2017,155,169,183,197,211
9Cat2,2017,260279,4699341,6/5/2017,1/1/2017,155,169,183,197,211
9Cat3,2017,257500,4695079,6/5/2017,1/1/2017,155,169,183,197,211
9Cat4,2017,265266,4695407,6/5/2017,1/1/2017,155,169,183,197,211
9Cat5,2017,194724.412,4684058.024,6/12/2017,1/1/2017,162,176,190,204,218
9Cat6,2017,191715.09,4681190.79,6/12/2017,1/1/2017,162,176,190,204,218
9Cat7,2017,192092.768,4684880.63,6/12/2017,1/1/2017,162,176,190,204,218
9D1,2017,174776,4694629,6/13/2017,1/1/2017,163,177,191,205,219
9D11,2017,163889.612,4697662.638,6/12/2017,1/1/2017,162,176,190,204,218
9D12,2017,164346.323,4696392.826,6/12/2017,1/1/2017,162,176,190,204,218
9D2,2017,169447,4701651,6/13/2017,1/1/2017,163,177,191,205,219
9D3,2017,161935,4694027,6/13/2017,1/1/2017,163,177,191,205,219
9D4,2017,175291,4698345,6/13/2017,1/1/2017,163,177,191,205,219
9D5,2017,166172,4693488,6/13/2017,1/1/2017,163,177,191,205,219
9D6,2017,165245,4698951,6/13/2017,1/1/2017,163,177,191,205,219
9D7,2017,170014,4698084,6/13/2017,1/1/2017,163,177,191,205,219
9D8,2017,165555,4701347,6/13/2017,1/1/2017,163,177,191,205,219
9D9,2017,161040,4697484,6/13/2017,1/1/2017,163,177,191,205,219
3A1,2018,526315.391,4655376.604,6/13/2018,1/1/2018,163,177,191,205,219
3A11,2018,526065,4646831,6/14/2018,1/1/2018,164,178,192,206,220
3A13,2018,526088,4644918,6/14/2018,1/1/2018,164,178,192,206,220
3A2,2018,528898.73,4650973.176,6/13/2018,1/1/2018,163,177,191,205,219
3A3,2018,533195.467,4652933.944,6/13/2018,1/1/2018,163,177,191,205,219
3A4,2018,532458.45,4651179.556,6/13/2018,1/1/2018,163,177,191,205,219
3A5,2018,531216.523,4651149.551,6/13/2018,1/1/2018,163,177,191,205,219
3A6,2018,523598.764,4651097.891,6/13/2018,1/1/2018,163,177,191,205,219
3A7,2018,524535.229,4643682.052,6/13/2018,1/1/2018,163,177,191,205,219
3A8,2018,530250.834,4644587.887,6/13/2018,1/1/2018,163,177,191,205,219
3A9,2018,535289.112,4648100.845,6/13/2018,1/1/2018,163,177,191,205,219
3B1,2018,548452.803,4637138.48,6/14/2018,1/1/2018,164,178,192,206,220
3B10,2018,552740,4637022,6/14/2018,1/1/2018,164,178,192,206,220
3B11,2018,550140,4638349,6/14/2018,1/1/2018,164,178,192,206,220
3B12,2018,547591,4640922,6/14/2018,1/1/2018,164,178,192,206,220
3B13,2018,546816,4647215,6/14/2018,1/1/2018,164,178,192,206,220
3B2,2018,545694.242,4640333.509,6/14/2018,1/1/2018,164,178,192,206,220
3B3,2018,540790.116,4642266.731,6/14/2018,1/1/2018,164,178,192,206,220
3B4,2018,545736.884,4646590.486,6/14/2018,1/1/2018,164,178,192,206,220
3B5,2018,549666.932,4641498.232,6/14/2018,1/1/2018,164,178,192,206,220
3B6,2018,552507.185,4638661.737,6/14/2018,1/1/2018,164,178,192,206,220
3B7,2018,555707.87,4643072.729,6/14/2018,1/1/2018,164,178,192,206,220
3B8,2018,543071.624,4648853.323,6/14/2018,1/1/2018,164,178,192,206,220
3B9,2018,548641.741,4633769.943,6/14/2018,1/1/2018,164,178,192,206,220
3C1,2018,522509.47,4602456.046,6/6/2018,1/1/2018,156,170,184,198,212
3C10,2018,516938,4597663,6/7/2018,1/1/2018,157,171,185,199,213
3C11,2018,517918,4600722,6/7/2018,1/1/2018,157,171,185,199,213
3C13,2018,522888,4595940,6/7/2018,1/1/2018,157,171,185,199,213
3C15,2018,523672,4593435,6/7/2018,1/1/2018,157,171,185,199,213
3C2,2018,526685.494,4600419.737,6/6/2018,1/1/2018,156,170,184,198,212
3C3,2018,521132.862,4588559.883,6/6/2018,1/1/2018,156,170,184,198,212
3C4,2018,510181.282,4595105.16,6/6/2018,1/1/2018,156,170,184,198,212
3C5,2018,529286.575,4596510.768,6/6/2018,1/1/2018,156,170,184,198,212
3C6,2018,519941.385,4596543.265,6/6/2018,1/1/2018,156,170,184,198,212
3C7,2018,517672.668,4603025.409,6/6/2018,1/1/2018,156,170,184,198,212
3C8,2018,519870.009,4592161.103,6/6/2018,1/1/2018,156,170,184,198,212
3C9,2018,515844.264,4600497.642,6/6/2018,1/1/2018,156,170,184,198,212
3D1,2018,549465.061,4610704.683,6/7/2018,1/1/2018,157,171,185,199,213
3D10,2018,544840,4599130,6/7/2018,1/1/2018,157,171,185,199,213
3D2,2018,545900.324,4595084.108,6/7/2018,1/1/2018,157,171,185,199,213
3D3,2018,553750.172,4605641.492,6/7/2018,1/1/2018,157,171,185,199,213
3D4,2018,540874.193,4598371.27,6/7/2018,1/1/2018,157,171,185,199,213
3D5,2018,550115.684,4600988.757,6/7/2018,1/1/2018,157,171,185,199,213
3D6,2018,554870.18,4600839.107,6/7/2018,1/1/2018,157,171,185,199,213
3D7,2018,552419.967,4593736.265,6/7/2018,1/1/2018,157,171,185,199,213
3D8,2018,546655.913,4607267.357,6/7/2018,1/1/2018,157,171,185,199,213
3D9,2018,545999.275,4603894.587,6/7/2018,1/1/2018,157,171,185,199,213
4A1,2018,495817.652,4718787,6/6/2018,1/1/2018,156,170,184,198,212
4A10,2018,499159,4716645,6/6/2018,1/1/2018,156,170,184,198,212
4A12,2018,490876,4721118,6/6/2018,1/1/2018,156,170,184,198,212
4A13,2018,498746,4715460,6/6/2018,1/1/2018,156,170,184,198,212
4A14,2018,494480,4716283,6/6/2018,1/1/2018,156,170,184,198,212
4A2,2018,497097,4723018,6/6/2018,1/1/2018,156,170,184,198,212
4A3,2018,500738,4717455,6/6/2018,1/1/2018,156,170,184,198,212
4A4,2018,497281,4712997,6/6/2018,1/1/2018,156,170,184,198,212
4A5,2018,505205,4711397,6/6/2018,1/1/2018,156,170,184,198,212
4A6,2018,491686,4717301,6/6/2018,1/1/2018,156,170,184,198,212
4A7,2018,491498,4713978,6/6/2018,1/1/2018,156,170,184,198,212
4A8,2018,490726,4721733,6/6/2018,1/1/2018,156,170,184,198,212
4A9,2018,493101,4720784,6/6/2018,1/1/2018,156,170,184,198,212
4B1,2018,509562,4710095,6/7/2018,1/1/2018,157,171,185,199,213
4B10,2018,514661,4708994,6/6/2018,1/1/2018,156,170,184,198,212
4B11,2018,520447,4712181,6/6/2018,1/1/2018,156,170,184,198,212
4B2,2018,519792,4707969,6/7/2018,1/1/2018,157,171,185,199,213
4B3,2018,523373,4717112,6/7/2018,1/1/2018,157,171,185,199,213
4B4,2018,518602,4712326,6/7/2018,1/1/2018,157,171,185,199,213
4B5,2018,511419,4716858,6/7/2018,1/1/2018,157,171,185,199,213
4B6,2018,512024,4705453,6/7/2018,1/1/2018,157,171,185,199,213
4B7,2018,525364,4712587,6/7/2018,1/1/2018,157,171,185,199,213
4B8,2018,529750,4708341,6/7/2018,1/1/2018,157,171,185,199,213
4B9,2018,513863,4699258,6/8/2018,1/1/2018,158,172,186,200,214
4C1,2018,505640,4649897,6/12/2018,1/1/2018,162,176,190,204,218
4C10,2018,508005,4654290,6/13/2018,1/1/2018,163,177,191,205,219
4C11,2018,512275,4656493,6/13/2018,1/1/2018,163,177,191,205,219
4C13,2018,513525,4651757,6/14/2018,1/1/2018,164,178,192,206,220
4C14,2018,512298,4653836,6/13/2018,1/1/2018,163,177,191,205,219
4C2,2018,513082,4651576,6/12/2018,1/1/2018,162,176,190,204,218
4C3,2018,518065,4655489,6/12/2018,1/1/2018,162,176,190,204,218
4C4,2018,505489,4653256,6/12/2018,1/1/2018,162,176,190,204,218
4C5,2018,510249,4652783,6/12/2018,1/1/2018,162,176,190,204,218
4C6,2018,515378,4654431,6/12/2018,1/1/2018,162,176,190,204,218
4C7,2018,504313,4655334,6/12/2018,1/1/2018,162,176,190,204,218
4C8,2018,521230,4658933,6/12/2018,1/1/2018,162,176,190,204,218
4C9,2018,506981,4655733,6/18/2018,1/1/2018,168,182,196,210,224
4D1,2018,466024,4668790,6/14/2018,1/1/2018,164,178,192,206,220
4D10,2018,463301,4671603,6/13/2018,1/1/2018,163,177,191,205,219
4D11,2018,463504,4668978,6/13/2018,1/1/2018,163,177,191,205,219
4D12,2018,467420,4670299,6/13/2018,1/1/2018,163,177,191,205,219
4D13,2018,468574,4667142,6/13/2018,1/1/2018,163,177,191,205,219
4D2,2018,469322,4669662,6/14/2018,1/1/2018,164,178,192,206,220
4D3,2018,461107,4672536,6/14/2018,1/1/2018,164,178,192,206,220
4D4,2018,468715,4663611,6/14/2018,1/1/2018,164,178,192,206,220
4D5,2018,470718,4671711,6/14/2018,1/1/2018,164,178,192,206,220
4D6,2018,468521,4672098,6/14/2018,1/1/2018,164,178,192,206,220
4D7,2018,471484,4667808,6/14/2018,1/1/2018,164,178,192,206,220
4D8,2018,471548,4673916,6/14/2018,1/1/2018,164,178,192,206,220
4D9,2018,463693,4675284,6/14/2018,1/1/2018,164,178,192,206,220
7A1,2018,421003.692,4717179.558,6/6/2018,1/1/2018,156,170,184,198,212
7A10,2018,428234,4712611,6/8/2018,1/1/2018,158,172,186,200,214
7A11,2018,418555,4716172,6/8/2018,1/1/2018,158,172,186,200,214
7A12,2018,420801,4712549,6/8/2018,1/1/2018,158,172,186,200,214
7A13,2018,423817,4711558.566,6/8/2018,1/1/2018,158,172,186,200,214
7A2,2018,428212.88,4708217.053,6/6/2018,1/1/2018,156,170,184,198,212
7A3,2018,425483.299,4714131.567,6/6/2018,1/1/2018,156,170,184,198,212
7A4,2018,418392.912,4711434.801,6/6/2018,1/1/2018,156,170,184,198,212
7A5,2018,432241.906,4708620.878,6/6/2018,1/1/2018,156,170,184,198,212
7A6,2018,416293.07,4714347.249,6/6/2018,1/1/2018,156,170,184,198,212
7A7,2018,424292.242,4717809.249,6/6/2018,1/1/2018,156,170,184,198,212
7A8,2018,428224.808,4717323.257,6/6/2018,1/1/2018,156,170,184,198,212
7A9,2018,422968.406,4709383.644,6/6/2018,1/1/2018,156,170,184,198,212
7B1,2018,430011.799,4699203.645,6/7/2018,1/1/2018,157,171,185,199,213
7B10,2018,425747,4690945,6/8/2018,1/1/2018,158,172,186,200,214
7B11,2018,428356,4695846,6/8/2018,1/1/2018,158,172,186,200,214
7B12,2018,426907,4694825,6/8/2018,1/1/2018,158,172,186,200,214
7B13,2018,422362,4694893,6/8/2018,1/1/2018,158,172,186,200,214
7B2,2018,430816.631,4697418.835,6/7/2018,1/1/2018,157,171,185,199,213
7B3,2018,424355.606,4693376.918,6/7/2018,1/1/2018,157,171,185,199,213
7B4,2018,427646.948,4693231.049,6/6/2018,1/1/2018,156,170,184,198,212
7B5,2018,430213.071,4694648.611,6/7/2018,1/1/2018,157,171,185,199,213
7B6,2018,424795.836,4696037.39,6/7/2018,1/1/2018,157,171,185,199,213
7B7,2018,420264.05,4695532.359,6/7/2018,1/1/2018,157,171,185,199,213
7B8,2018,422010.678,4697178.436,6/7/2018,1/1/2018,157,171,185,199,213
7B9,2018,425488.439,4699250.453,6/7/2018,1/1/2018,157,171,185,199,213
7C1,2018,363842.369,4693626.658,6/13/2018,1/1/2018,163,177,191,205,219
7C2,2018,364122.078,4691066.327,6/13/2018,1/1/2018,163,177,191,205,219
7C3,2018,366913.615,4690568.383,6/13/2018,1/1/2018,163,177,191,205,219
7C4,2018,370626.744,4681945.877,6/13/2018,1/1/2018,163,177,191,205,219
7C5,2018,366765.808,4687127.719,6/13/2018,1/1/2018,163,177,191,205,219
7C6,2018,361938.627,4684777.322,6/13/2018,1/1/2018,163,177,191,205,219
7C7,2018,360824.324,4686798.84,6/13/2018,1/1/2018,163,177,191,205,219
7C8,2018,371299.731,4687154.083,6/13/2018,1/1/2018,163,177,191,205,219
7C9,2018,359138.81,4693164.364,6/13/2018,1/1/2018,163,177,191,205,219
7Cat1,2018,361438,4692788,6/15/2018,1/1/2018,165,179,193,207,221
7Cat2,2018,360020,4690409,6/15/2018,1/1/2018,165,179,193,207,221
7Cat3,2018,363024,4689286,6/16/2018,1/1/2018,166,180,194,208,222
7Cat4,2018,364625,4685844,6/17/2018,1/1/2018,167,181,195,209,223
7Cat5,2018,442763,4683029,6/15/2018,1/1/2018,165,179,193,207,221
7Cat6,2018,443269,4679494,6/15/2018,1/1/2018,165,179,193,207,221
7Cat8,2018,445620,4677940,6/15/2018,1/1/2018,165,179,193,207,221
7D1,2018,440202.109,4678898.816,6/14/2018,1/1/2018,164,178,192,206,220
7D2,2018,447521.014,4686946.372,6/14/2018,1/1/2018,164,178,192,206,220
7D3,2018,448280.265,4678168.472,6/14/2018,1/1/2018,164,178,192,206,220
7D4,2018,451840.946,4680141.887,6/14/2018,1/1/2018,164,178,192,206,220
7D5,2018,446411.004,4681846.837,6/14/2018,1/1/2018,164,178,192,206,220
7D6,2018,444345.479,4681307.698,6/14/2018,1/1/2018,164,178,192,206,220
7D7,2018,443873.862,4684198.556,6/14/2018,1/1/2018,164,178,192,206,220
7D8,2018,451115.777,4682589.783,6/14/2018,1/1/2018,164,178,192,206,220
7D9,2018,445644.086,4678632.53,6/14/2018,1/1/2018,164,178,192,206,220
8A1,2018,328540,4682057,6/13/2018,1/1/2018,163,177,191,205,219
8A10,2018,328574,4686654,6/12/2018,1/1/2018,162,176,190,204,218
8A11,2018,328437,4681619,6/12/2018,1/1/2018,162,176,190,204,218
8A12,2018,332566,4684432,6/12/2018,1/1/2018,162,176,190,204,218
8A13,2018,335265,4681721,6/12/2018,1/1/2018,162,176,190,204,218
8A2,2018,328983,4680479,6/13/2018,1/1/2018,163,177,191,205,219
8A3,2018,333339,4682325,6/13/2018,1/1/2018,163,177,191,205,219
8A4,2018,326454,4686155,6/13/2018,1/1/2018,163,177,191,205,219
8A5,2018,331195,4684301,6/13/2018,1/1/2018,163,177,191,205,219
8A6,2018,333101,4684689,6/13/2018,1/1/2018,163,177,191,205,219
8A7,2018,335503,4678251,6/13/2018,1/1/2018,163,177,191,205,219
8A8,2018,328399.648,4689259.801,6/13/2018,1/1/2018,163,177,191,205,219
8A9,2018,335422,4683022,6/13/2018,1/1/2018,163,177,191,205,219
8B1,2018,340575,4683144,6/14/2018,1/1/2018,164,178,192,206,220
8B11,2018,341849,4677014,6/12/2018,1/1/2018,162,176,190,204,218
8B2,2018,351513.605,4675325.527,6/14/2018,1/1/2018,164,178,192,206,220
8B3,2018,346536,4678227,6/14/2018,1/1/2018,164,178,192,206,220
8B4,2018,347290,4685295,6/14/2018,1/1/2018,164,178,192,206,220
8B5,2018,342724,4678764,6/14/2018,1/1/2018,164,178,192,206,220
8B6,2018,346897,4681993,6/14/2018,1/1/2018,164,178,192,206,220
8B7,2018,340052,4679915,6/14/2018,1/1/2018,164,178,192,206,220
8B9,2018,350818,4679160,6/14/2018,1/1/2018,164,178,192,206,220
8C1,2018,296636,4704239,6/7/2018,1/1/2018,157,171,185,199,213
8C10,2018,297661,4705743,6/5/2018,1/1/2018,155,169,183,197,211
8C11,2018,291147,4706510,6/5/2018,1/1/2018,155,169,183,197,211
8C2,2018,289841,4706147,6/7/2018,1/1/2018,157,171,185,199,213
8C3,2018,288741,4709390,6/7/2018,1/1/2018,157,171,185,199,213
8C4,2018,292001,4703506,6/7/2018,1/1/2018,157,171,185,199,213
8C5,2018,293995.218,4743906.676,6/7/2018,1/1/2018,157,171,185,199,213
8C6,2018,297166,4709167,6/7/2018,1/1/2018,157,171,185,199,213
8C7,2018,288951,4702629,6/7/2018,1/1/2018,157,171,185,199,213
8C8,2018,285423,4701952,6/7/2018,1/1/2018,157,171,185,199,213
8C9,2018,293106,4709985,6/7/2018,1/1/2018,157,171,185,199,213
8D1,2018,305237,4685863,6/8/2018,1/1/2018,158,172,186,200,214
8D10,2018,301136,4679839,6/5/2018,1/1/2018,155,169,183,197,211
8D11,2018,294707,4683073,6/5/2018,1/1/2018,155,169,183,197,211
8D12,2018,301296,4682678,6/5/2018,1/1/2018,155,169,183,197,211
8D2,2018,303558,4677806,6/8/2018,1/1/2018,158,172,186,200,214
8D3,2018,289896,4682332,6/8/2018,1/1/2018,158,172,186,200,214
8D4,2018,297792,4683048,6/8/2018,1/1/2018,158,172,186,200,214
8D5,2018,302366,4681374,6/8/2018,1/1/2018,158,172,186,200,214
8D6,2018,293295,4686569,6/8/2018,1/1/2018,158,172,186,200,214
8D7,2018,292700,4683635,6/8/2018,1/1/2018,158,172,186,200,214
8D8,2018,296917,4686009,6/8/2018,1/1/2018,158,172,186,200,214
8D9,2018,301699,4686377,6/8/2018,1/1/2018,158,172,186,200,214
9A1,2018,236656,4713171,6/4/2018,1/1/2018,154,168,182,196,210
9A10,2018,234412.664,4705739.19,6/4/2018,1/1/2018,154,168,182,196,210
9A2,2018,238801,4704327,6/4/2018,1/1/2018,154,168,182,196,210
9A3,2018,239646,4714360,6/4/2018,1/1/2018,154,168,182,196,210
9A4,2018,236448,4704330,6/4/2018,1/1/2018,154,168,182,196,210
9A5,2018,239342,4709925,6/4/2018,1/1/2018,154,168,182,196,210
9A6,2018,234067,4707287,6/4/2018,1/1/2018,154,168,182,196,210
9A7,2018,235578,4711029,6/4/2018,1/1/2018,154,168,182,196,210
9A8,2018,236891,4707629,6/4/2018,1/1/2018,154,168,182,196,210
9A9,2018,231430,4709578,6/4/2018,1/1/2018,154,168,182,196,210
9B1,2018,267842,4704988,6/5/2018,1/1/2018,155,169,183,197,211
9B2,2018,260873,4693309,6/5/2018,1/1/2018,155,169,183,197,211
9B3,2018,271741,4698231,6/5/2018,1/1/2018,155,169,183,197,211
9B4,2018,267028,4695854,6/5/2018,1/1/2018,155,169,183,197,211
9B5,2018,262026,4697668,6/5/2018,1/1/2018,155,169,183,197,211
9B6,2018,256342,4693538,6/5/2018,1/1/2018,155,169,183,197,211
9B7,2018,258033,4701612,6/5/2018,1/1/2018,155,169,183,197,211
9B8,2018,261743,4701240,6/5/2018,1/1/2018,155,169,183,197,211
9B9,2018,267139,4699852,6/5/2018,1/1/2018,155,169,183,197,211
9C1,2018,188230,4690612,6/11/2018,1/1/2018,161,175,189,203,217
9C2,2018,189839,4694616,6/11/2018,1/1/2018,161,175,189,203,217
9C3,2018,193162,4679899,6/11/2018,1/1/2018,161,175,189,203,217
9C4,2018,187461,4681808,6/11/2018,1/1/2018,161,175,189,203,217
9C5,2018,194458,4682314,6/11/2018,1/1/2018,161,175,189,203,217
9C6,2018,199374,4682711,6/11/2018,1/1/2018,161,175,189,203,217
9C7,2018,194223,4685435,6/11/2018,1/1/2018,161,175,189,203,217
9C8,2018,188401,4688207,6/11/2018,1/1/2018,161,175,189,203,217
9C9,2018,187141,4686786,6/11/2018,1/1/2018,161,175,189,203,217
9Cat1,2018,264676,4698440,6/4/2018,1/1/2018,154,168,182,196,210
9Cat2,2018,260279,4699341,6/4/2018,1/1/2018,154,168,182,196,210
9Cat3,2018,257500,4695079,6/4/2018,1/1/2018,154,168,182,196,210
9Cat4,2018,265266,4695407,6/4/2018,1/1/2018,154,168,182,196,210
9Cat5,2018,194724.412,4684058.024,6/11/2018,1/1/2018,161,175,189,203,217
9Cat6,2018,191715.09,4681190.79,6/11/2018,1/1/2018,161,175,189,203,217
9Cat7,2018,192092.768,4684880.63,6/11/2018,1/1/2018,161,175,189,203,217
9D1,2018,174776,4694629,6/13/2018,1/1/2018,163,177,191,205,219
9D11,2018,163889.612,4697662.638,6/11/2018,1/1/2018,161,175,189,203,217
9D2,2018,169447,4701651,6/13/2018,1/1/2018,163,177,191,205,219
9D3,2018,161935,4694027,6/13/2018,1/1/2018,163,177,191,205,219
9D4,2018,175291,4698345,6/13/2018,1/1/2018,163,177,191,205,219
9D5,2018,166172,4693488,6/13/2018,1/1/2018,163,177,191,205,219
9D6,2018,165245,4698951,6/13/2018,1/1/2018,163,177,191,205,219
9D7,2018,170014,4698084,6/13/2018,1/1/2018,163,177,191,205,219
9D8,2018,165555,4701347,6/13/2018,1/1/2018,163,177,191,205,219
9D9,2018,161040,4697484,6/13/2018,1/1/2018,163,177,191,205,219
